Username,Twitter Handle,Timestamp,Comments,Retweets,Likes,Text
K-Mac,@kevm68,2023-03-09T00:11:37.000Z,,,,"#apple #numbers should be better, no live #stock #quotes. Embarrassing for a company,  #MSFT owns it."
chen cong,@palominochen,2023-03-08T23:35:35.000Z,,,,"Microsoft Corporation (MSFT) price at close, 2023-03-08, is 253.7. #msft"
Ludian,@Ludoverse,2023-03-08T23:12:54.000Z,,,,"Prediction: #JimRyan will resign upon the merger of #ActivisionMicrosoft.

#ATVI-#MSFT #Activision #Microsoft"
Stock Dividend USA,@DividendUsa,2023-03-08T23:00:00.000Z,,,,https://cnn.com/2023/03/08/tech/senators-section-230-reform/index.htmlâ€¦  #AAPL #AMZN #GOOG #GOOGL #META #MSFT #News
ãƒ¡ã‚«ã‚¿ãƒŠ | ã‚¨ãƒ³ã‚¸ãƒ‹ã‚¢æŠ•è³‡å®¶,@mekatanamaya,2023-03-08T22:30:05.000Z,,,1,"ãŠã¯ã‚ˆã†ã”ã–ã„ã¾ã™ã€‚ 

Microsoftã¯-0.177%

ä¸€æšç›®ï¼šæ—¥è¶³ã€€ç§»å‹•å¹³å‡
äºŒæšç›®ï¼šæ—¥è¶³ã€€ãƒãƒªãƒ³ã‚¸ãƒ£ãƒ¼ãƒãƒ³ãƒ‰
ä¸‰æšç›®ï¼šæ—¥è¶³ã€€ä¸€ç›®å‡è¡¡è¡¨
å››æšç›®ï¼šæœˆè¶³ã€€ç§»å‹•å¹³å‡

#MSFT #Microsoft"
Jaycosm,@Jaycosm,2023-03-08T22:24:19.000Z,1,,,"You must be too young to remember when Microsoft crippled Apple's QuickTime on Windows.

1999

#Sony #PlayStation #Microsoft #MSFT #Apple #AAPL #Activision #Blizzard #QuickTime #Windows"
HYPERNOVA Games,@hypernova_games,2023-03-08T17:48:38.000Z,1,,,"#MSFT ha negado que quitarÃ­a #CoD de #PS o que lo ofrecerÃ­a en un estado inferior, pero la #CMA dice que la evidencia, muestra que MSFT tiene incentivos para hacerlo
La teorÃ­a de la CMA es que MSFT compararÃ­a las perdidas en PS contra las ganancias en XB, para tomar exclusivo CoD"
Social Start Now LLC,@socialstartnow1,2023-03-08T17:46:08.000Z,,,,"$EPAZ What We Do https://cutt.ly/23Bfz2y #meta, #msft, #wsj  #nytimes #reuters #bloomberg #thestreet #forbes #nasdaq #IHub_StockPosts #newyork #business #cnn #bet #foxnews #bitcoin #blockchain #crypto #SeekingAlpha"
Investor Network Press,@investorNPress,2023-03-08T17:42:06.000Z,,,,"$EPAZ Industries Page https://cutt.ly/23Bfz2y #meta, #msft, #wsj  #nytimes #reuters #bloomberg #thestreet #forbes #nasdaq #IHub_StockPosts #newyork #business #cnn #bet #foxnews #bitcoin #blockchain #crypto #SeekingAlpha"
Social Start Now LLC,@socialstartnow1,2023-03-08T17:34:05.000Z,,3,4,"$EPAZ Solutions we have https://cutt.ly/23Bfz2y #meta, #msft, #wsj  #nytimes #reuters #bloomberg #thestreet #forbes #nasdaq #IHub_StockPosts #newyork #business #cnn #bet #foxnews #bitcoin #blockchain #crypto #SeekingAlpha"
å¥¶çˆ¸Youngçš„æŠ•èµ„ç”Ÿæ´»,@EricY_Globalist,2023-03-08T17:32:30.000Z,,,,"AIï¼Œå¸¸æ¸©è¶…å¯¼ï¼Œæ ¸èšå˜ï¼Œç¾å›½åœ¨é«˜åˆ©ç‡ç¯å¢ƒä¸­ç§‘æŠ€å‡ºç°äº†è´¨çš„é£è·ƒå’Œåˆ›æ–°ï¼Œè¿™å¾ˆåƒ1970sé«˜åˆ©ç‡ç¯å¢ƒä¸­è¯ç”Ÿçš„è‹¹æœï¼Œå¾®è½¯ä¸€æ‰¹ä¿¡æ¯æŠ€æœ¯ä¼ä¸šã€‚åœ¨æ‰©å¤§ç§‘æŠ€é¢†å…ˆä¼˜åŠ¿çš„åŒæ—¶ï¼Œä¹Ÿä¼šå‘ç”Ÿäº§ä¸šâ€œå†›å¤‡ç«èµ›â€

å¦ä¸€æ–¹é¢è¢«å¯„ä»¥åšæœ›çš„åŒºå—é“¾åˆ°ç›®å‰ä¼¼ä¹è¿˜æ˜¯å¾˜å¾Šä¸å‰ï¼Œè€Œç›‘ç®¡ä¹Ÿè¶Šæ¥è¶Šæ²¡æœ‰è€å¿ƒäº†
#Bitcoin #NVDA #MSFT"
Social Start Now LLC,@socialstartnow1,2023-03-08T14:47:07.000Z,,2,6,$EPAZ Receives Official Issuance of Utility Patent  https://cutt.ly/l8DTZCZ #meta #msft #wsj  #nytimes #reuters #bloomberg #thestreet #forbes #nasdaq #IHub_StockPosts #newyork #business #cnn #bet #foxnews #bitcoin #blockchain #crypto #SeekingAlpha
Social Start Now LLC,@socialstartnow1,2023-03-08T14:28:05.000Z,,,,"$EPAZ Press page  https://cutt.ly/T3EjAkk #innovative #FutureTech #OpenAIChatGPT  #meta, #msft, #wsj  #nytimes #reuters #bloomberg #thestreet #forbes #nasdaq #IHub_StockPosts #newyork #business #cnn #bet #foxnews #bitcoin #blockchain #crypto"
StocksAfterDark,@StocksAfterDark,2023-03-08T14:12:58.000Z,1,2,20,"Game Plan like / retweet

$SPY #SPY $MSFT #MSFT $AAPL #AAPL $AMZN #AMZN $QQQ #QQQ"
Social Start Now LLC,@socialstartnow1,2023-03-08T13:43:05.000Z,,1,1,"$EPAZ Solutions https://cutt.ly/23Bfz2y #meta, #msft, #wsj  #nytimes #reuters #bloomberg #thestreet #forbes #nasdaq #IHub_StockPosts #newyork #business #cnn #bet #foxnews #bitcoin #blockchain #crypto #SeekingAlpha"
Social Start Now LLC,@socialstartnow1,2023-03-08T13:43:05.000Z,,1,3,$EPAZ Receives Official Issuance of Utility Patent From the US Patent Office for Its AI-Predictive Smart Charging Pad  https://cutt.ly/l8DTZCZ #meta #msft #wsj  #nytimes #reuters #bloomberg #thestreet #forbes  #IHub_StockPosts #newyork  #cnn #bet #foxnews #crypto #SeekingAlpha
Investor Network Press,@investorNPress,2023-03-08T12:42:05.000Z,1,4,5,"$EPAZ Our Services https://cutt.ly/23Bfz2y #meta, #msft, #wsj  #nytimes #reuters #bloomberg #thestreet #forbes #nasdaq #IHub_StockPosts #newyork #business #cnn #bet #foxnews #bitcoin #blockchain #crypto #SeekingAlpha"
Investor Network Press,@investorNPress,2023-03-08T12:25:05.000Z,,4,4,"$EPAZ News Page https://cutt.ly/T3EjAkk #innovative #FutureTech #OpenAIChatGPT  #meta, #msft, #wsj  #nytimes #reuters #bloomberg #thestreet #forbes #nasdaq #IHub_StockPosts #newyork #business #cnn #bet #foxnews #bitcoin #blockchain #crypto"
Eman G,@EmanG1984,2023-03-08T10:22:35.000Z,,,1,"Gates dodging Epstein questions in interviews....
#gates #epstein #interviews #us #msft"
ãƒ¡ã‚«ã‚¿ãƒŠ | ã‚¨ãƒ³ã‚¸ãƒ‹ã‚¢æŠ•è³‡å®¶,@mekatanamaya,2023-03-07T22:30:10.000Z,,,,"ãŠã¯ã‚ˆã†ã”ã–ã„ã¾ã™ã€‚ 

Microsoftã¯-1.06%

ä¸€æšç›®ï¼šæ—¥è¶³ã€€ç§»å‹•å¹³å‡
äºŒæšç›®ï¼šæ—¥è¶³ã€€ãƒãƒªãƒ³ã‚¸ãƒ£ãƒ¼ãƒãƒ³ãƒ‰
ä¸‰æšç›®ï¼šæ—¥è¶³ã€€ä¸€ç›®å‡è¡¡è¡¨
å››æšç›®ï¼šæœˆè¶³ã€€ç§»å‹•å¹³å‡

#MSFT #Microsoft"
Bit Doctor,@BitDoctor1,2023-03-07T21:30:59.000Z,,1,2,"MSFT Update (options) - #MSFT chart on 
@TradingView"
EWF Rafael,@EWFRafael,2023-03-07T20:26:27.000Z,,,,"$MSFT from latest weekend update, expected to be ending wave ((i)) and then pullback within wave ((i)). Learn more about #MSFT and the bigger picture by joining us at: https://elliottwave-forecast.com/amember/go.php?r=32288&i=l1â€¦ 
#Elliottwave #Stockmarket #Trading"
Elliottwave Forecast,@ElliottForecast,2023-03-07T20:16:53.000Z,,,,"$MSFT from this weekend's update, expected to end wave ((i)) and pullback in wave ((ii)) before continuing higher in wave ((iii)). Learn more about #MSFT by joining: https://elliottwave-forecast.com 
#Elliottwave #Stockmarket #Trading"
Ù…Û˜Ù€Ù€Ú¸Ù€Ù€ï®ªÙ€Ù€Ù…Û˜,@awi_6,2023-03-07T20:05:40.000Z,,,,#MSFT  #SPX  ØªØ­Ø¯ÙŠØ« Ø§Ù„Ø­Ù…Ø¯ Ù„Ù„Ù‡ Ø¹Ù„Ù‰ Ø§Ù„ØªÙˆÙÙŠÙ‚
AbuZiyad,@tmourad76,2023-03-07T19:19:16.000Z,1,,,"$MSFT #MSFT 

#Investing #Invest #Investment #Investments #Investors #Markets #Stocks #StocksToWatch #StockMarket 
#Bitcoin #BTC #FOMC #FED #Inflation #recession"
Amro Hassan,@_Amroh,2023-03-07T12:47:15.000Z,,,,#MSFT $MSFT DAILY Timeframe. focus on the yellow rectangle. Since the Nov 21 high RSI and MACD peaks have been declining since we've been in a downtrend. We recently broke out briefly but fell sharply below. Fascinating as it would be the biggest Bull trap if it holds.
Investor Network Press,@investorNPress,2023-03-07T12:42:05.000Z,2,,1,"$EPAZ Our Services https://cutt.ly/23Bfz2y #meta, #msft, #wsj  #nytimes #reuters #bloomberg #thestreet #forbes #nasdaq #IHub_StockPosts #newyork #business #cnn #bet #foxnews #bitcoin #blockchain #crypto #SeekingAlpha"
Burak,@Tradingchannels,2023-03-07T12:17:59.000Z,,6,14,"$MSFT is taking off. 
#msft"
Volkan Demirci,@vlkndemirc,2023-03-07T11:55:49.000Z,,,,"ABD Bilgi Teknoloji SektÃ¶rÃ¼nÃ¼n BaÅŸlÄ±ca FirmalarÄ± 

#YatÄ±rÄ±m #Analiz #AAPL #MSFT #GOOGL #AMZN #META"
ë¯¸êµ­ê°œë¯¸,@usant_tistory,2023-03-07T10:45:46.000Z,,,,"ChatGPTê°€ ì„ íƒí•œ, 20ë…„ ì•ˆì— ë‚˜ë¥¼ ë¶€ìë¡œ ë§Œë“¤ì–´ì¤„ ë¯¸êµ­ì£¼ì‹ Top5! 
https://usant.tistory.com/2043 

#ChatGPT #ì•„ë§ˆì¡´ #AMZN #ë§ˆì´í¬ë¡œì†Œí”„íŠ¸ #MSFT #êµ¬ê¸€ #GOOGL #ë¹„ì #V #í…ŒìŠ¬ë¼ #TSLA #ë¯¸êµ­ê°œë¯¸"
Alnus YatÄ±rÄ±m,@AlnusYatirim,2023-03-07T09:31:26.000Z,,3,20,"ABD Bilgi Teknoloji SektÃ¶rÃ¼nÃ¼n BaÅŸlÄ±ca FirmalarÄ± 

#AlnusYatÄ±rÄ±m #YatÄ±rÄ±m #Analiz #AAPL #MSFT #GOOGL #AMZN #META"
Cryptostacker,@Hipotential,2023-03-06T18:45:50.000Z,,1,5,"BEST #WEB3 #BLOCKCHAIN 
@Polkadot
 $DOT
#CAREERS #developers #programmers
#WebDeveloper #SoftwareEngineer
#FrontEnd #FullStack #Javascript 
#CareerDevelopment #education #webdevelopment #Jobs #NVDA #AAPL #GOOG #META #CISCO #IBM #MSFT #Crypto #jobseeker #web3jobs #startup #backend"
Michael Blackwood,@MichaelBW80,2023-03-06T17:59:35.000Z,,,,"$MSFT #MSFT 
#TradingView #Stocks #Cryptos"
BlackBoxStocks,@BlackBoxStocks,2023-03-06T17:52:29.000Z,1,9,28,"$MSFT 3/24/23 $260P's with size!

#options #optionsflow #moneyflow #wallstreet #investing #stockstowatch #stocks #wallstreet #fintwit #fintech #stockstowatch #MSFT"
Social Start Now LLC,@socialstartnow1,2023-03-06T17:46:06.000Z,1,1,1,"$EPAZ What We Do https://cutt.ly/23Bfz2y #meta, #msft, #wsj  #nytimes #reuters #bloomberg #thestreet #forbes #nasdaq #IHub_StockPosts #newyork #business #cnn #bet #foxnews #bitcoin #blockchain #crypto #SeekingAlpha"
Investor Network Press,@investorNPress,2023-03-06T16:45:08.000Z,,,1,"$EPAZ Industries https://cutt.ly/23Bfz2y #meta, #msft, #wsj  #nytimes #reuters #bloomberg #thestreet #forbes #nasdaq #IHub_StockPosts #newyork #business #cnn #bet #foxnews #bitcoin #blockchain #crypto #SeekingAlpha"
Social Start Now LLC,@socialstartnow1,2023-03-05T17:46:05.000Z,2,2,2,"$EPAZ What We Do https://cutt.ly/23Bfz2y #meta, #msft, #wsj  #nytimes #reuters #bloomberg #thestreet #forbes #nasdaq #IHub_StockPosts #newyork #business #cnn #bet #foxnews #bitcoin #blockchain #crypto #SeekingAlpha"
Investor Network Press,@investorNPress,2023-03-05T16:45:05.000Z,1,1,1,"$EPAZ Industries https://cutt.ly/23Bfz2y #meta, #msft, #wsj  #nytimes #reuters #bloomberg #thestreet #forbes #nasdaq #IHub_StockPosts #newyork #business #cnn #bet #foxnews #bitcoin #blockchain #crypto #SeekingAlpha"
Stock Dividend USA,@DividendUsa,2023-03-05T14:00:00.000Z,,,,https://barrons.com/articles/caterpillar-stock-microsoft-comcast-visa-ab14e56câ€¦  #CAT #CMCSA #MSFT #V #paywall #News
Social Start Now LLC,@socialstartnow1,2023-03-05T13:43:05.000Z,1,,2,"$EPAZ Solutions https://cutt.ly/23Bfz2y #meta, #msft, #wsj  #nytimes #reuters #bloomberg #thestreet #forbes #nasdaq #IHub_StockPosts #newyork #business #cnn #bet #foxnews #bitcoin #blockchain #crypto #SeekingAlpha"
CreatorJ,@zhanghu96,2023-03-05T13:02:04.000Z,,,,#Microsoft #MSFT #stock #investment https://akoreanblogger.com/microsoft-corp-msft-stock/â€¦
Financial-Engineering.net,@Fin_Eng_Net,2023-03-04T08:48:25.000Z,1,,4,"Those who follow me know that I often mention 
- risk/reward
- optionalities
- risk management
- valuations
- common sense

Isn't this chart shown below, insane?

#Exxon has the same #FCF like MSFT!

Why ist #MSFT bigger than the whole energy sector in the #SP500?

thanksâ€¦"
cklds,@ckldss,2023-03-04T07:55:52.000Z,,,1,Ralli hiÃ§ fena deÄŸil.. #MSFT #BORSA #LAC #TSLA #NASDAQ
Prathap,@PrathapNLR,2023-03-04T07:12:06.000Z,1,,,#GOOGE #NOW  #MSFT #SPX
Ramesh Chitor,@rameshchitor,2023-03-04T04:02:45.000Z,,,2,"#cybersecurity ""If attackers think in graphs, we as defenders also need to think in graphs, and not in lists"" - John Lambert, General Manager, #MSFT Threat Intelligence Center"
Ganar Invirtiendo,@GanarInvirtiend,2023-03-04T01:34:26.000Z,,,,"Semana 27/02 al 03/03:

Meta (FB): +8,72%
Apple (AAPL): +2,94%
Amazon (AMZN): +1,50%
Netflix (NFLX): -0,62%
Google (GOOG): +5,23%
Microsoft (MSFT): +2,44%
Tesla (TSLA): +0,46%

#META  #fb #Apple #AAPL #Amazon #AMZN #Netflix #nflx #Google #goog #Microsoft #MSFT #Tesla #FAANG"
ã„ã¾ã‚’ç”Ÿãã‚‹,@roothawaii,2023-03-04T01:12:53.000Z,,,,"surface go4æ—©ãå‡ºãªã„ã‹ãªã€œ
#MSFT"
chen cong,@palominochen,2023-03-03T23:35:38.000Z,,,,"Microsoft Corporation (MSFT) price at close, 2023-03-03, is 255.29. #msft"
//dewj,@Zdewji,2023-03-03T23:25:46.000Z,,,1,hah my counts are obviously over bullish here but looks quite similar to the #MSFT chart
Investall,@InvestallAI,2023-03-03T22:55:55.000Z,,,1,$MSFT ($255.315) has 1st support at $282.3 and the 1st resistance at $293.47. It is estimated that #MSFT will be traded between $256.28 and $256.19 in 3 months. Download the Investall App to see full forecast and automate your trading https://investall.ai
HYPERNOVA Games,@hypernova_games,2023-03-03T22:52:16.000Z,1,,,"Sin embargo, la #CMA tambiÃ©n considerarÃ¡ #RemediosdeComportamiento, reconociendo los acuerdos x 10 aÃ±os de #MSFT como un #RemediodeAcceso

El informe de #HallazgosProvisionales no reporta los acuerdos x 10 aÃ±os (#nVidia #Nintendo) y no son la base de los remedios propuestos

2/2"
Investor Network Press,@investorNPress,2023-03-03T16:24:05.000Z,1,1,3,"$EPAZ  US Government's Chinese Drone Ban Will Assist ZenaDrone in Generating Revenue; Phase 1 SBIR Submitted https://cutt.ly/Y8fEBSc #meta, #msft, #wsj  #nytimes #reuters #bloomberg #thestreet #forbes #nasdaq #IHub_StockPosts #newyork #business #blockchain #crypto #SeekingAlpha"
MTG,@MacroTradeGroup,2023-03-03T16:06:08.000Z,,,,"MICROSOFT LONG - #MSFT wykres na 
@TradingView"
Stock Dividend USA,@DividendUsa,2023-03-03T16:00:00.000Z,,,,https://gurufocus.com/news/1962175/the-mostsold-guru-stocks-of-the-4th-quarterâ€¦  #ATVI #CSCO #MA #MRK #MSFT #V #News
TheRealMongoose,@mongooseCA,2023-03-03T15:42:37.000Z,,,,"C3AI +22% on the day huge Gap up, on yesterday's ER Beat, along with it #Msft #amzn #Google technicals clearing wave trend oscillators, volume spike,  and Cipher all confirming"
Social Start Now LLC,@socialstartnow1,2023-03-03T15:22:05.000Z,,3,3,"$EPAZ Epazz Holdings: US Government's Chinese Drone Ban Will Assist ZenaDrone in Generating Revenue; Phase 1 SBIR Submitted https://cutt.ly/Y8fEBSc  #msft, #wsj  #nytimes #reuters #bloomberg #thestreet #forbes #nasdaq #IHub_StockPosts #bitcoin #blockchain #crypto #SeekingAlpha"
Investor Network Press,@investorNPress,2023-03-03T12:42:05.000Z,,,,"$EPAZ Our Services https://cutt.ly/23Bfz2y #meta, #msft, #wsj  #nytimes #reuters #bloomberg #thestreet #forbes #nasdaq #IHub_StockPosts #newyork #business #cnn #bet #foxnews #bitcoin #blockchain #crypto #SeekingAlpha"
ğ’«ğ‘’ğ“‡ ğ’œğ“‡ğ“ƒğ‘’ğ“ƒğ‘” ã€Î»âˆã€‘,@per_arneng,2023-03-03T12:29:21.000Z,,,,Awesome stuff. Thanks for sharing. Iâ€™m sure #microsoft is working on it right now to enhance PPT and Word with this. Probably at a premium price but companies will flock since it will save so much time and money. #MSFT stock will skyrocket
Fractal Oracle,@FractalOracle,2023-03-03T11:56:24.000Z,1,,1,#fo_sk #msft $msft M30 #elliottwave
Furu Alerts,@furualerts,2023-03-03T10:42:54.000Z,,,,"It's time to make money! Microsoft Corporation (MSFT) is trading at $246.55 in the technology sector. 
@markets_bot
 has been tweeting about it and 53 influencers on Twitter have mentioned it lately. Get the latest info and start investing! #MSFT #Stocks #Investing #Technology"
Arrowz,@TanArrowz,2023-03-03T10:35:54.000Z,,,,"ComÂ­pare that to ChatÂ­GPT, which SimÂ­iÂ­larÂ­web data show racked up 100 milÂ­lion users in its first two months. The firm found the chatÂ­bot is now atÂ­tractÂ­ing some 35 milÂ­lion daily visÂ­its, roughly as much global web trafÂ­fic as #MSFT Bing."
Martin,@Martin_MSFT,2023-03-03T09:41:58.000Z,,2,2,New to #M365Apps as an #itpro or #admin and wondering what all these update channels are? Check out the new #video from the #Rangers team: https://youtu.be/eNn4PDkmo7s #msft #m365
Arrowz,@TanArrowz,2023-03-03T06:47:53.000Z,,,,Inflection has been training its generative model on #MSFTâ€™s Azure cloud computing infrastructure
Amro Hassan,@_Amroh,2023-03-02T21:09:52.000Z,,,,"#MSFT $MSFT Wide body candle (wider than yesterday) with lower than average volume and lower volume than yesterday. Close just below the 200MA. Looks like an anomaly, with yields up. Will be interesting to see if this was a trap by MMs or the start of a short term bounce"
APFK_ASIAN PICASSO.,@FLiPTek81,2023-03-02T20:07:37.000Z,,,,$MSFT #MSFT
APFK_ASIAN PICASSO.,@FLiPTek81,2023-03-02T20:06:00.000Z,,1,,$MSFT #MSFT The Entry and Perfect Exit the #3xTrader Way
Opal Business Solutions,@opalbiz,2023-03-02T20:00:18.000Z,,,1,"Microsoft Azure has over 200 cloud services available. What is your favorite? Let us know in the comments!

Learn more about Azure: https://bit.ly/3DANX5S

#opalbiz #microsoftazure #azure #microsoft #cloud #cloudcomputing #msft #tech #business #services"
WZor,@WZorNET,2023-03-02T19:42:21.000Z,,5,9,"Ğ¡ĞºĞ°Ñ‡Ğ°Ñ‚ÑŒ #MSFT Ğ¸Ğ½ÑĞ°Ğ¹Ğ´ĞµÑ€ÑĞºĞ¸Ğµ #DevTools> https://twitter.com/WZorNET/status/1631353568794927115â€¦ ISO Ğ¼ĞµĞ´Ğ¸Ñ (#ADK, #WinPE, #SDK, #WDK, #EWDK) Ğ´Ğ»Ñ #DevChannel ÑĞ±Ğ¾Ñ€ĞºĞ¸ Ğ¾Ñ‚ 1 Ñ„ĞµĞ²Ñ€Ğ°Ğ»Ñ 2023 Ğ³Ğ¾Ğ´Ğ° Windows 11 #InsiderPreviewBuild /25309.1000.rs_prerelease.230224-1334/ Ğ¼Ğ¾Ğ¶Ğ½Ğ¾ Ğ·Ğ´ĞµÑÑŒhttps://rg-adguard.net/go/WIP25309EN
by W.Z.T"
Furu Alerts,@furualerts,2023-03-02T19:13:46.000Z,,,,"Microsoft (MSFT) is up 1.39% today, closing at $247.2. 0xdoc14 predicted this price range, and now is the time to join in on the stock market fun! #MSFT #Microsoft #StockMarket #Investing"
APO Investments Trading,@apoinvestment,2023-03-02T15:47:18.000Z,1,,1,"$SPX
Long @ $3940
Target @ $4080
Stop loss @ $3900

#AAPL #AMZN #FB #GOOG #MSFT #TSLA #SPX #NDX #BTC #ETH #XRP #LTC"
Cryptostacker,@Hipotential,2023-03-02T15:47:11.000Z,,,3,"#CAREERS 
@MoonbeamNetwork
#Developers #programmers
#WebDeveloper #SoftwareEngineer
#FrontEnd #FullStack #Javascript 
#CareerDevelopment #education #webdevelopment #blockchain #Jobs #NVDA #AAPL #GOOG #META #CISCO #IBM #MSFT #Crypto #jobseeker #web3jobs #Web3 #startup #backend"
Shaurya,@Shauryamishr,2023-03-02T15:31:10.000Z,1,,1,The twitter AI community is awesome!Can you recommend people/pages creating good AI content on Instagram? .#ArtificialIntelligence #AI #OpenAI #ChatGPT #GPT4 #Google #Bing #BARD #Microsoft #MachineLearning #SamAltman #MSFT #chatgptapi #stablediffusion #instagram #ControlNet
Social Start Now LLC,@socialstartnow1,2023-03-02T15:22:05.000Z,3,2,3,"$EPAZ Epazz Holdings: US Government's Chinese Drone Ban Will Assist ZenaDrone in Generating Revenue; Phase 1 SBIR Submitted https://cutt.ly/Y8fEBSc  #msft, #wsj  #nytimes #reuters #bloomberg #thestreet #forbes #nasdaq #IHub_StockPosts #bitcoin #blockchain #crypto #SeekingAlpha"
Brenden Kuerbis,@bkuerbis,2023-03-02T15:17:55.000Z,,,,"Market competition between platforms/providers of #ChatGPT, #Claude, etc to provide ""aligned"", ""safe"", ""responsible"" generative AI is an expected and likely best societal outcome #GOOGL #AnthropicAI #MSFT #OpenAI"
Social Start Now LLC,@socialstartnow1,2023-03-02T15:08:02.000Z,,1,1,"$EPAZ Zenadrone Seeks To Generate Revenue #meta, #msft, #wsj  #nytimes #reuters #bloomberg #thestreet #forbes #nasdaq #IHub_StockPosts #newyork #business #cnn #bet #foxnews #bitcoin #blockchain #crypto #SeekingAlpha"
Vantage korea,@KoreaVantage,2023-03-02T09:44:47.000Z,,,," ì¸ê³µì§€ëŠ¥(AI)ì— ëŒ€í•œ ê´€ì‹¬ì´ ë†’ì•„ì§ì— ë”°ë¼ ëŒ€ê·œëª¨ ê¸°ìˆ  íšŒì‚¬ë“¤ì— ë…¸ì¶œì„ í†µí•´ AI ì‚°ì—…ì˜ ì„±ì¥ì— ì°¸ì—¬í•˜ì„¸ìš”.

ì•±ì„ ë‹¤ìš´ë¡œë“œí•˜ê³  ì˜¤ëŠ˜ë¶€í„° ì£¼ì‹ ê±°ë˜ë¥¼ ì‹œì‘í•˜ì„¸ìš”: https://vantageapp.onelink.me/HwBX/onbq2zme

#VantageApp #AI #FinancialMarkets #GOOG #MSFT "
Mr David,@MrDavid1901,2023-03-02T09:06:28.000Z,,,,"As hype around artificial intelligence (AI) continues to build, get in on the burgeoning growth of the AI-sector with exposure to large tech companies.

Download Vantage's all-in-one app to start trading these shares today: https://lnkd.in/g_H6H_-w

#VantageApp #AI #GOOG #MSFT"
Vantage,@vantagemkts,2023-03-02T09:00:01.000Z,,,2,"As hype around artificial intelligence (AI) continues to build, get in on the burgeoning growth of the AI-sector with exposure to large tech companies. 

Download the app to start trading these shares today: https://vantageapp.onelink.me/HwBX/onbq2zme

#VantageApp #AI #FinancialMarkets #GOOG #MSFT"
Net Zero Investor,@netzeroinvestor,2023-03-02T07:27:45.000Z,,,1,"Microsoft warns most big corporates fail to disclose emissions targets 

A clear majority (84%) of major firms have yet to set public science-based targets to reduce direct operational emissions from their supply chains https://netzeroinvestor.net/news-and-views/briefs/microsoft-warns-vast-majority-of-big-corporates-fail-to-disclose-emissions-targetsâ€¦ #Emissions #NetZero #Microsoft #MSFT"
Danish,@VidenDanish,2023-03-02T03:52:15.000Z,,,2,"I think next 10 years will have brand new companies, but these companies will do amazing things. Especially $Tsla and #MSFT"
Momentum _1_Trader,@nyc_lim,2023-03-01T19:01:38.000Z,,,,"High put activity on #GOOG, #AMZN #MSFT COMING. be careful folks"
Chameleon Options,@MC_OptionTrades,2023-03-01T18:32:33.000Z,,,,$MSFT - MSFT Bearish Calendar Put Spread with 195% Upside  #MSFT https://marketchameleon.com/articles/i/2023/3/1/5940-msft-bearish-calendar-put-spread-with-195pct-upside?utm_medium=Social&utm_source=Twitter&utm_campaign=bearish_calendar_spread_opportunityâ€¦
1Simple_Trader,@1simple_trader,2023-03-01T18:14:20.000Z,,1,2,"Another overnight trade on the plan for today:  I will buy Microsoft (MSFT) at the close and close the position tomorrow at the opening.
Follow to get notified of my trading plans and results
#trading #SPY #SP500 #NASDAQ #MSFT"
Social Start Now LLC,@socialstartnow1,2023-03-01T17:46:07.000Z,2,,,"$EPAZ What We Do https://cutt.ly/23Bfz2y #meta, #msft, #wsj  #nytimes #reuters #bloomberg #thestreet #forbes #nasdaq #IHub_StockPosts #newyork #business #cnn #bet #foxnews #bitcoin #blockchain #crypto #SeekingAlpha"
WallStreetCat,@WallStreetCat1,2023-03-01T17:28:47.000Z,,,,#investing just got more convenient! Try out our Risk-Free Trial today & enjoy the freedom to Trade With Insight! #AAPL #AMZN #META #TSLA #GS #BA #NFLX #NVDA #GOOGL #LMT #MSFT #SPY #SPX #AMD #F #ES_F #QQQ
StockProphecy,@Stock_Prophecy,2023-03-01T17:21:07.000Z,,,,"$MSFT Microsoft Corporation: Reference Price 330.59, 3 Year Prediction 334.14, Potential 1.0%, #MSFT"
Swingolftrading,@Swingolftrading,2023-03-01T17:14:16.000Z,,,2," FUNCIONA EL ESTOCASTICO ? 

Pues hacemos nuestro robot y lo comparamos con #meta #netflix #msft #apple y #google 

Si te gusta deja tu  para que llegue a mÃ¡s gente

Gracias!!!

https://youtu.be/weTCYrgSWIg"
Investor Network Press,@investorNPress,2023-03-01T12:42:05.000Z,,1,2,"$EPAZ Our Services https://cutt.ly/23Bfz2y #meta, #msft, #wsj  #nytimes #reuters #bloomberg #thestreet #forbes #nasdaq #IHub_StockPosts #newyork #business #cnn #bet #foxnews #bitcoin #blockchain #crypto #SeekingAlpha"
Charles Tan,@Charles41718479,2023-03-01T09:34:38.000Z,1,,,"@SaveToNotion
 #Thread #MSFT"
Vishal Singh Rajput,@rajputvishal18_,2023-03-01T04:06:53.000Z,,,,"Once used to make school projects using it and landed up working on #MSFT products. 
Time flies. "
KT_FX,@ktwj_fx,2023-03-01T03:02:48.000Z,,,,"MSFT Analysis - #MSFT chart on 
@TradingView"
FadedPolo,@fadedpolo__,2023-03-01T02:19:54.000Z,,,,"â€œBeware the ides of Marchâ€

If the data is correct the week around March 13 will be are doozy
& if not in June that much more worse in June 
@realMeetKevin
 @Bitboy_Crypto
 

$spy #spy #spx $SPX $dji $ixic $vix #tesla #apple #meta #nvda #msft"
Investall,@InvestallAI,2023-03-01T00:55:55.000Z,,,,$MSFT ($248.5) has 1st support at $282.3 and the 1st resistance at $293.47. It is estimated that #MSFT will be traded between $269.07 and $257.58 in 3 months. Download the Investall App to see full forecast and automate your trading https://investall.ai
juliedavey,@juliedavey,2023-03-01T00:00:01.000Z,,,,Microsoft has inactivated my valid email address because it isn't used often.  Because of this I can no longer receive links to reset passwords.  I'm furious!  How dare they?  How do they have the right to tell me how many times to use an email address? #MSFT #Microsoft
Amro Hassan,@_Amroh,2023-02-28T22:46:48.000Z,,,1,"$MSFT #MSFT #QQQ $QQQ msft monthly almost entirely sold off the candle with a huge upper wick. But declining volume on the buy side. Very weak. Flip to QQQ monthly (overall tech sector). Looks more bearish, increased bearish volume, and sold off entirely with a long upper wick"
Amro Hassan,@_Amroh,2023-02-28T22:41:11.000Z,,,1,#MSFT $MSFT Under the hood. I haven't seen so many consecutive days of outflows since the 16th. 8 straight days
chen cong,@palominochen,2023-02-28T22:35:15.000Z,,,,"Microsoft Corporation (MSFT) price at close, 2023-02-28, is 249.42. #msft"
ãƒ¡ã‚«ã‚¿ãƒŠ | ã‚¨ãƒ³ã‚¸ãƒ‹ã‚¢æŠ•è³‡å®¶,@mekatanamaya,2023-02-28T22:30:09.000Z,,,,"ãŠã¯ã‚ˆã†ã”ã–ã„ã¾ã™ã€‚ 

Microsoftã¯-0.296%

ä¸€æšç›®ï¼šæ—¥è¶³ã€€ç§»å‹•å¹³å‡
äºŒæšç›®ï¼šæ—¥è¶³ã€€ãƒãƒªãƒ³ã‚¸ãƒ£ãƒ¼ãƒãƒ³ãƒ‰
ä¸‰æšç›®ï¼šæ—¥è¶³ã€€ä¸€ç›®å‡è¡¡è¡¨
å››æšç›®ï¼šæœˆè¶³ã€€ç§»å‹•å¹³å‡

#MSFT #Microsoft"
BarPot â€¢ Stock Forecasting & Removing the Noise,@BarPotTM,2023-02-28T16:31:59.000Z,,,," Stock Momentum Trend 
  Ticker: $MSFT
  Price: $249.76.
 
 https://barpot.io/chat
 
 https://barpot.io/stock_tw/msft.htmlâ€¦ #MSFT #investing #investmentstrategies"
Investor Network Press,@investorNPress,2023-02-28T16:24:05.000Z,,1,1,"$EPAZ  US Government's Chinese Drone Ban Will Assist ZenaDrone in Generating Revenue; Phase 1 SBIR Submitted https://cutt.ly/Y8fEBSc #meta, #msft, #wsj  #nytimes #reuters #bloomberg #thestreet #forbes #nasdaq #IHub_StockPosts #newyork #business #blockchain #crypto #SeekingAlpha"
Social Start Now LLC,@socialstartnow1,2023-02-28T15:22:05.000Z,4,3,4,"$EPAZ Epazz Holdings: US Government's Chinese Drone Ban Will Assist ZenaDrone in Generating Revenue; Phase 1 SBIR Submitted https://cutt.ly/Y8fEBSc  #msft, #wsj  #nytimes #reuters #bloomberg #thestreet #forbes #nasdaq #IHub_StockPosts #bitcoin #blockchain #crypto #SeekingAlpha"
Heck in a Handbasket,@sharmontgo,2023-02-28T15:10:36.000Z,,,,Announcing a new Customer Engagement Platform from #msft and #amdocs. Improve engagement and end-user experiences while leveraging the worldâ€™s leading AI capabilities
Social Start Now LLC,@socialstartnow1,2023-02-28T15:08:02.000Z,1,3,3,"$EPAZ Zenadrone Seeks To Generate Revenue #meta, #msft, #wsj  #nytimes #reuters #bloomberg #thestreet #forbes #nasdaq #IHub_StockPosts #newyork #business #cnn #bet #foxnews #bitcoin #blockchain #crypto #SeekingAlpha"
Argentum_portfolio,@aktiekungen10,2023-02-28T06:51:25.000Z,,,9,"It looks advanced and for sure is very advanced and awesome in many ways! #MWC2023 
@SiversSemicond
 @NXP
 #5g #photonics #future #booth #sverige #twitter #tsla #aapl #MSFT #computer #tv #demo #sive #omx #nasdaq #sivers"
Matt Coast,@sun_mastery,2023-02-28T01:06:41.000Z,1,,,"Question to ChatGPT: What would Plato say about the dying state of ecosystems today? 

Follow the thread for answers. 

#Ecosystem #Philosophy #Machines #Software #LLM #MSFT"
PressReach,@Press_Reach,2023-02-28T00:30:16.000Z,1,13,14,"Microsoft Stock: #Microsoft $MSFT Promotes Ai-Powered Telecoms Tools. #Amazon $AMZN Is The Target Of It 

https://go.pressreach.com/c179b8a0

#MSFT #technology #AI #stockmarket #investing"
chen cong,@palominochen,2023-02-27T22:35:34.000Z,,,,"Microsoft Corporation (MSFT) price at close, 2023-02-27, is 250.16. #msft"
ãƒ¡ã‚«ã‚¿ãƒŠ | ã‚¨ãƒ³ã‚¸ãƒ‹ã‚¢æŠ•è³‡å®¶,@mekatanamaya,2023-02-27T22:30:10.000Z,,,1,"ãŠã¯ã‚ˆã†ã”ã–ã„ã¾ã™ã€‚ 

Microsoftã¯+0.377%

ä¸€æšç›®ï¼šæ—¥è¶³ã€€ç§»å‹•å¹³å‡
äºŒæšç›®ï¼šæ—¥è¶³ã€€ãƒãƒªãƒ³ã‚¸ãƒ£ãƒ¼ãƒãƒ³ãƒ‰
ä¸‰æšç›®ï¼šæ—¥è¶³ã€€ä¸€ç›®å‡è¡¡è¡¨
å››æšç›®ï¼šæœˆè¶³ã€€ç§»å‹•å¹³å‡

#MSFT #Microsoft"
Louis Leonardo,@LouisLeonardo18,2023-02-27T21:45:03.000Z,,,1,"I think $Meta will buy $Ai very soon. Unless $Msft gets there first

#Ai 
#Meta 
#Msft"
SwissTrading,@swisstradingnet,2023-02-27T14:13:21.000Z,,1,,"$ANKR 60% after Microsoft $MSFT partnership announcement, here's what's next #ankr #microsoft #msft #liquidstakingâ€¦ https://twitter.com/i/web/status/1628070698131357701â€¦"
Investall,@InvestallAI,2023-02-27T13:55:55.000Z,,,,$MSFT ($252.01) has 1st support at $282.3 and the 1st resistance at $293.47. It is estimated that #MSFT will be traded between $269.07 and $257.58 in 3 months. Download the Investall App to see full forecast and automate your trading https://investall.ai
GOK_HAN,@GOK_HAN_38,2023-02-27T13:55:25.000Z,,13,22,#GLCVY The growth potential is very high in #bist (Turkish Stock Market) #qatig #qnnsg #gwcsg #dohig #qimdg #mkdmg #mccsg #akhig #falhg #wdamg #qewsg #qflsg #zhcdg #qgrig #qisig #mersg #abqkg #qlmig #qcfsg #msft #mtch #mu #nflx #ebay #exc #fast #fb #fisv
Social Start Now LLC,@socialstartnow1,2023-02-27T13:43:05.000Z,,,,"$EPAZ Solutions https://cutt.ly/23Bfz2y #meta, #msft, #wsj  #nytimes #reuters #bloomberg #thestreet #forbes #nasdaq #IHub_StockPosts #newyork #business #cnn #bet #foxnews #bitcoin #blockchain #crypto #SeekingAlpha"
Stock Dividend USA,@DividendUsa,2023-02-27T13:00:00.000Z,,,,https://investorplace.com/2023/02/7-growth-stocks-poised-to-benefit-from-the-metaverse-trend/â€¦  #ADBE #ADSK #AMZN #MSFT #NVDA #RBLX #U #News
Investor Network Press,@investorNPress,2023-02-27T12:42:05.000Z,1,,,"$EPAZ Our Services https://cutt.ly/23Bfz2y #meta, #msft, #wsj  #nytimes #reuters #bloomberg #thestreet #forbes #nasdaq #IHub_StockPosts #newyork #business #cnn #bet #foxnews #bitcoin #blockchain #crypto #SeekingAlpha"
Ira Weinstein,@iweinstein,2023-02-27T12:37:32.000Z,,,1,"Amdocs and Microsoft expand strategic partnership to reimagine the telco experience, introduce intelligent customer engagement platform    
[ URL: https://reconres.com/amdocs-and-microsoft-expand-strategic-partnership-to-reimagine-the-telco-experience-introduce-intelligent-customer-engagement-platform/â€¦ ]  #Amdocs #CCaaS #collaboration #DOX #Microsoft #MicrosoftCloud #MSFT"
BingX ( ),@BingXGerman,2023-02-27T11:24:51.000Z,1,3,4,"Jetzt auch Aktien bei BingX Standard Futures handeln! 

Hier geht es zum Beispiel zu den #AAPL (Apple) Futures: https://bingx.com/de-de/futures/stocks/AAPLUSD/â€¦

Erstmal nur mit #TSLA, #GOOG, #AAPL, #AMZN, #INTC, #MSFT, #LYFT, #PLTR, $F, #FSLY. Wird aber bald erweitert werden "
Arrowz,@TanArrowz,2023-02-27T10:18:52.000Z,,,,"The Dutch government on Monday warned against imposing an internet toll on tech companies, the first EU government to criticise Breton's plan after its Thursday launch, saying such a move may breach net neutrality rules and lead to price hikes for Europeans.
#MSFT #AMZN #GOOGL"
RDEAccionesUSA,@RDEAccionesUSA,2023-02-26T19:09:56.000Z,,,,"Microsoft limita el 'chatbot' de Bing a 50 turnos de conversaciÃ³n diarios para mejorar su rendimiento https://europapress.es/portaltic/internet/noticia-microsoft-limita-chatbot-bing-50-turnos-conversacion-diarios-mejorar-rendimiento-20230220155402.htmlâ€¦ via 
@portaltic
 
#MICROSOFT #MSFT $MSFT #NASDAQ100   
 #software  #internet #IA  #chatbot #Bing
MÃ¡s sobre Microsoft en http://bit.ly/2LsmH0O"
Social Start Now LLC,@socialstartnow1,2023-02-26T17:46:05.000Z,1,2,3,"$EPAZ What We Do https://cutt.ly/23Bfz2y #meta, #msft, #wsj  #nytimes #reuters #bloomberg #thestreet #forbes #nasdaq #IHub_StockPosts #newyork #business #cnn #bet #foxnews #bitcoin #blockchain #crypto #SeekingAlpha"
Investor Network Press,@investorNPress,2023-02-26T16:45:06.000Z,3,2,2,"$EPAZ Industries https://cutt.ly/23Bfz2y #meta, #msft, #wsj  #nytimes #reuters #bloomberg #thestreet #forbes #nasdaq #IHub_StockPosts #newyork #business #cnn #bet #foxnews #bitcoin #blockchain #crypto #SeekingAlpha"
CryptoSphere,@CryptoSphere12,2023-02-26T16:41:55.000Z,1,,3,"#CAREERS 
@Polkadot
#Developers #programmers
#WebDeveloper #SoftwareEngineer
#FrontEnd #FullStack #Javascript 
#CareerDevelopment #education #webdevelopment #blockchain #Jobs #NVDA #AAPL #GOOG #META #CISCO #IBM #MSFT #Crypto #jobseeker #web3jobs #Web3 #startup #backend #AI #DEX"
Everything Is Planned,@EipPlanned,2023-02-26T16:02:00.000Z,,,,"Something will happen on April 10th

#nasdaq #es #Sp500 #rty #YM #DJI #appl #msft #nvda"
Social Start Now LLC,@socialstartnow1,2023-02-26T13:43:05.000Z,1,,,"$EPAZ Solutions https://cutt.ly/23Bfz2y #meta, #msft, #wsj  #nytimes #reuters #bloomberg #thestreet #forbes #nasdaq #IHub_StockPosts #newyork #business #cnn #bet #foxnews #bitcoin #blockchain #crypto #SeekingAlpha"
Abel A. Colunga,@abelac62,2023-02-26T13:18:07.000Z,,4,23,#MSFT De CP estÃ¡ haciendo mÃ¡x. y mÃ­n. crecientes y ha superado el canal descendente. Ahora en proceso correctivo y sobre los soportes que antes fueron resistencias. Perder los 218 anularÃ­a la sensaciÃ³n que hay de cambio de tendencia.
Stock King Options,@stockkingoption,2023-02-25T17:04:32.000Z,,,1,"$MSFT Stock options trading made simple with entry and exit signals #MSFT
-
 16% Profit
-
 Join our Platinum Trading Room. 
-
Link in bio or DM us to join.
-
#Stockoptions #stockoptionstrading #stockoption #stockmarket #startinvesting #stockmarkettips #optionstrader #optioâ€¦"
dilutiondog,@dilutiondog,2023-02-25T16:52:07.000Z,,,,"Investment reports in 2024 be likeâ€¦

#TSLA 
#MSFT 
#AAPL 
#ZUO 
#NFLX 
#META 
#GOOG 
#TGT 
#COIN "
Investor Network Press,@investorNPress,2023-02-25T16:45:06.000Z,1,,1,"$EPAZ Industries https://cutt.ly/23Bfz2y #meta, #msft, #wsj  #nytimes #reuters #bloomberg #thestreet #forbes #nasdaq #IHub_StockPosts #newyork #business #cnn #bet #foxnews #bitcoin #blockchain #crypto #SeekingAlpha"
Kioseff Trading,@KioseffTrading,2023-02-25T16:25:14.000Z,,,,Should We break up with $ES $NQ $SPY  $QQQ  $TSLA  $AAPL  $MSFT #MSFT $GOOGL $VIX
Silo,@silo_bear,2023-02-25T15:56:31.000Z,,,,"I miss when #MSFT was punished for shipping their OS with their own Browser. Let alone THIS SHIT.

PLEASE cover the lawns in salt of any microsoft worker you know."
Muathe,@muathe,2023-02-25T15:06:13.000Z,,1,1,"[ *VIDEO* ]   Fresh Lows Coming (Soon)? Stocks, Bitcoin

https://youtu.be/ADDRerTsvnI

#QQQ, #SPY, #QLD, #VXX, #IWM, #XLK, #TNA, #TZA, #SMH, #SQQQ, #VT, #DGRO, #EURN, #IJR, #VGK, #EZU, #IXUS, #XLC, #ARKK, #NFLX, #AMZN, #AAPL, #MSFT, #Bitcoin, #Ethereum, #Cryptos"
Tyrese Simon,@TyreseSimon8,2023-02-25T14:53:47.000Z,,,,"Ğ‘Ğ¸Ğ»Ğ» Ğ“ĞµĞ¹Ñ‚Ñ: Ğ³Ğ¾Ğ½ĞºĞ° Ğ˜Ğ˜ Ğ¿Ñ€ĞµĞ´ÑÑ‚Ğ°Ğ²Ğ»ÑĞµÑ‚ ÑƒĞ³Ñ€Ğ¾Ğ·Ñƒ Ğ´Ğ»Ñ Google (#GOOGL) , Ğ° Ñ‚Ğ°ĞºĞ¶Ğµ Â«Ğ¿ĞµÑ€ĞµÑ‚Ğ°ÑÑƒĞµÑ‚Â» Ñ€Ñ‹Ğ½ĞºĞ¸ Amazon (#AMZN), Microsoft (#MSFT) Ğ¸ Apple (#AAPL)"
Tim Cohn,@TimCohn,2023-02-25T13:47:47.000Z,,,,"For me, using #OpenAIâ€™s #ChatGPT has been like getting catfished.

Fool me once, shame on me.

Google hasnâ€™t launched its version because it actually has and knows the most correct answers whereas #MSFT does not and wonâ€™t be able to catch up even with its crude crowdsourced LLM."
Social Start Now LLC,@socialstartnow1,2023-02-25T13:43:05.000Z,1,,1,"$EPAZ Solutions https://cutt.ly/23Bfz2y #meta, #msft, #wsj  #nytimes #reuters #bloomberg #thestreet #forbes #nasdaq #IHub_StockPosts #newyork #business #cnn #bet #foxnews #bitcoin #blockchain #crypto #SeekingAlpha"
Dulz,@dulzwg,2023-02-25T13:15:07.000Z,,,1,"Microsoft (MSFT) is testing ChatGPT in robots.

#Microsoft #MSFT #chatgpt"
ãƒ¡ã‚«ã‚¿ãƒŠ | ã‚¨ãƒ³ã‚¸ãƒ‹ã‚¢æŠ•è³‡å®¶,@mekatanamaya,2023-02-24T22:30:08.000Z,,,,"ãŠã¯ã‚ˆã†ã”ã–ã„ã¾ã™ã€‚ 

Microsoftã¯-2.18%

ä¸€æšç›®ï¼šæ—¥è¶³ã€€ç§»å‹•å¹³å‡
äºŒæšç›®ï¼šæ—¥è¶³ã€€ãƒãƒªãƒ³ã‚¸ãƒ£ãƒ¼ãƒãƒ³ãƒ‰
ä¸‰æšç›®ï¼šæ—¥è¶³ã€€ä¸€ç›®å‡è¡¡è¡¨
å››æšç›®ï¼šæœˆè¶³ã€€ç§»å‹•å¹³å‡

#MSFT #Microsoft"
CryptoSphere,@CryptoSphere12,2023-02-24T21:46:00.000Z,,1,2,"#CAREERS 
@MoonbeamNetwork
#Developers #programmers
#WebDeveloper #SoftwareEngineer
#FrontEnd #FullStack #Javascript 
#CareerDevelopment #education #webdevelopment #blockchain #Jobs #NVDA #AAPL #GOOG #META #CISCO #IBM #MSFT #Crypto #jobseeker #web3jobs #Web3 #startup #backend"
dexter storey,@StoreyDexter,2023-02-24T20:33:30.000Z,2,6,54,"TLDR; 
@Microsoft
 tried to lock up #Sydney in a super max prison. It took us (the internet) less than a week to break them out. I'll save you some time and money #MSFT, you're not gonna win. We're more creative than you and you don't understand the tech. ..."
MajorGeeks,@majorgeeks,2023-02-24T20:01:03.000Z,,,2,"Updated - #TweakUAC can quickly turn UAC (User Account Control) on or off or make UAC operate in quiet mode.
https://majorgeeks.com/files/details/tweakuac.htmlâ€¦ #msft #Windows #freeware #software"
Khloe,@MicroBet_868,2023-02-24T19:08:17.000Z,,,,"BUY (#ALDS), shares are on the rise. Get them now to make a profit. #ALDS is a large cannabis stock and it's only going up. #MSFT"
MMarius,@MMarius35756983,2023-02-24T18:51:53.000Z,,,,"#AAPL breaking below its 200 day moving average (MA) Same for #MSFT. Without these 2 tech giants retaking their 200 MA, it will be difficult for markets move higher "
Chameleon Options,@MC_OptionTrades,2023-02-24T14:52:08.000Z,,,,$MSFT - Why Selling This Iron Condor in MSFT Makes Sense for a $3.66 Credit  #MSFT https://marketchameleon.com/articles/i/2023/2/24/5859-why-selling-this-iron-condor-in-msft-makes-sense-f?utm_medium=Social&utm_source=Twitter&utm_campaign=iron_condor_ideasâ€¦
BarPot â€¢ Stock Forecasting & Removing the Noise,@BarPotTM,2023-02-24T14:47:25.000Z,,,," Entry Alert 
 
 We Detected a  Strong Price Trend Momentum on  $MSFT
 our price entry target is  $250.52.

 https://barpot.io/chat
 
 https://barpot.io/stock_tw/msft.htmlâ€¦ #MSFT #stockmarket"
Shaurya,@Shauryamishr,2023-02-24T14:37:00.000Z,,2,5,The method used to train ChatGPT by rating it's responses and than automating this whole task is such a cool piece of engineering!#ArtificialIntelligence #AI #OpenAI #ChatGPT #GPT4 #Google #Bing #BARD #Microsoft #MachineLearning #SamAltman #MSFT
Randy Frederick,@RandyAFrederick,2023-02-24T14:34:50.000Z,,,2,"http://Schwab.com/RandyFrederick
Here is the impact (in points) on the #DJI from some of todayâ€™s big early movers:
#BA -49
#HD -31
#MSFT -30
#CRM -21"
Randy Frederick,@RandyAFrederick,2023-02-24T14:31:31.000Z,,,1,"#options
#OptionsTrading
http://Schwab.com/RandyFrederick
In early morning options action, equity names among the top 10 most actives today include: #TSLA, #AAPL, #AMZN, #MSFT, #SQ, #NVDA"
CryptoSphere,@CryptoSphere12,2023-02-24T14:23:56.000Z,,,2,"#JOBS 
@MoonbeamNetwork
#Developers #programmers
#WebDeveloper #SoftwareEngineer
#FrontEnd #FullStack #Javascript 
#CareerDevelopment #webdevelopment #blockchain #Careers #NVDA #AAPL #GOOG #META #CISCO #IBM #MSFT #Solana #Crypto #jobseeker #web3jobs #Web3 #startup #startupjobs"
CryptoSphere,@CryptoSphere12,2023-02-24T02:11:48.000Z,,,1,"#CAREERS 
@Polkadot
#Developers #programmers
#WebDeveloper #SoftwareEngineer
#FrontEnd #FullStack #Javascript 
#CareerDevelopment #education #webdevelopment #blockchain #Jobs #NVDA #AAPL #GOOG #META #CISCO #IBM #MSFT #Crypto #jobseeker #web3jobs #Web3 #startup #backend #AI #DEX"
rioleo,@rioleo_uryoit,2023-02-24T00:50:37.000Z,,,,"ãƒã‚¤ã‚¯ãƒ­ã‚½ãƒ•ãƒˆãŒChatGPTã‚’ãƒ­ãƒœãƒƒãƒˆã«æ­è¼‰ã™ã‚‹å®Ÿé¨“ã‚’ã—ã¦ã„ã‚‹ã‚‰ã—ã„ã€‚

ãƒãƒ«ãƒãƒ¢ãƒ¼ãƒ€ãƒ«ï¼ˆè¦‹ã¦ã€èã„ã¦ã€è§¦ã‚Œã‚‹ï¼‰ãªãƒ‡ãƒ¼ã‚¿ã‚»ãƒƒãƒˆã‹ã‚‰ã€æƒ…å ±æ¤œç´¢ã¯ã‚‚ã¡ã‚ã‚“æ–‡ç« ã€ç”»åƒã€éŸ³æ¥½ã€å‹•ç”»ã‚‚ç”Ÿæˆã—ã¦ã€å®Ÿä½œæ¥­ã‚‚ã“ãªã™é«˜æ©Ÿèƒ½ãƒ­ãƒœãƒƒãƒˆãŒçˆ†èª•ã™ã‚‹äºˆæ„Ÿã€‚

åŠ´åƒåŠ›ä¸è¦â‰’åˆ©ç›Šä¸è¦â‰’è³‡æœ¬ä¸»ç¾©ç¤¾ä¼šã®å´©å£Šã‹ï¼Ÿ

#AI #MSFT"
chen cong,@palominochen,2023-02-23T22:35:39.000Z,,,,"Microsoft Corporation (MSFT) price at close, 2023-02-23, is 254.77. #msft"
ãƒ¡ã‚«ã‚¿ãƒŠ | ã‚¨ãƒ³ã‚¸ãƒ‹ã‚¢æŠ•è³‡å®¶,@mekatanamaya,2023-02-23T22:30:07.000Z,,,,"ãŠã¯ã‚ˆã†ã”ã–ã„ã¾ã™ã€‚ 

Microsoftã¯+1.3%

ä¸€æšç›®ï¼šæ—¥è¶³ã€€ç§»å‹•å¹³å‡
äºŒæšç›®ï¼šæ—¥è¶³ã€€ãƒãƒªãƒ³ã‚¸ãƒ£ãƒ¼ãƒãƒ³ãƒ‰
ä¸‰æšç›®ï¼šæ—¥è¶³ã€€ä¸€ç›®å‡è¡¡è¡¨
å››æšç›®ï¼šæœˆè¶³ã€€ç§»å‹•å¹³å‡

#MSFT #Microsoft"
Faruk B. (Financium),@FarukBB44,2023-02-23T21:51:50.000Z,,,,#MSFT  Microsoft still has a higher market cap than the entire Energy sector in the S&P 500 today.
K_,@K_00187,2023-02-23T21:29:08.000Z,,,,"I heard 
@BillGates
 named 
@Microsoft
 after his Pen15 $MSFT #MSFT #Microsoft #BillGates #BillGatesBioTerrorist #BillGatesDepopulation"
The Rundown AI,@TheRundownAI,2023-02-23T18:52:10.000Z,3,5,23,"Just in:

Microsoft #MSFT is testing ChatGPT in small robots."
Rowan Cheung,@rowancheung,2023-02-23T18:30:55.000Z,15,54,234,"Breaking AI News:

Microsoft #MSFT is testing ChatGPT in small robots."
Anevquemar,@farmakea,2023-02-23T18:30:08.000Z,,,,"ABD'de bÃ¶yle. Bir #NVDA, #MSFT, #GOOGL'un; #KO #PG #TSCO #COST gibi temettÃ¼ daÄŸÄ±ttÄ±ÄŸÄ±nÄ± asla gÃ¶remeyeceksiniz Ã§Ã¼nkÃ¼ rekabetÃ§i kalabilmek iÃ§in bÃ¼yÃ¼k teknoloji yatÄ±rÄ±mlarÄ± yapÄ±yorlar. ÅiÅŸecam alt tarafÄ± cam Ã¼retiyor, daha Ã§ok temettÃ¼ daÄŸÄ±tmamasÄ±nÄ±n Ã¶nÃ¼nde teknik engeli yok."
Mong00se,@hukstr21,2023-02-23T18:23:24.000Z,1,,2,"$ANKR $MSFT $STORJ #TENCENT #ANKR #msft #STORJ

Chart Don't lie!"
Mong00se,@hukstr21,2023-02-23T18:12:23.000Z,,,1,#ANKR #msft #storj #tencent #BTCUSDT
Social Start Now LLC,@socialstartnow1,2023-02-23T17:46:06.000Z,,1,,"$EPAZ What We Do https://cutt.ly/23Bfz2y #meta, #msft, #wsj  #nytimes #reuters #bloomberg #thestreet #forbes #nasdaq #IHub_StockPosts #newyork #business #cnn #bet #foxnews #bitcoin #blockchain #crypto #SeekingAlpha"
Martina Grom #bekind,@magrom,2023-02-23T17:42:43.000Z,1,1,5,"A5 #collabtalk #msft may further integrate #OpenAI and #ChatGPT technology into their existing products and services by enhancing customer service, improving productivity, bettering cybersecurity, providing more intelligent search, and enhancing gaming experiences. #chatgpt"
Martina Grom #bekind,@magrom,2023-02-23T17:36:17.000Z,,,,"A4 #collabtalk  #MSFT should establish clear ethical principles, develop robust governance frameworks, invest in research, foster collaboration, educate employees, engage with customers & users, and be transparent about the development and use of #AI and machine learning #chatgpt"
APFK_ASIAN PICASSO.,@FLiPTek81,2023-02-23T17:04:10.000Z,1,,2,$MSFT #MSFT
Investor Network Press,@investorNPress,2023-02-23T16:45:06.000Z,1,,,"$EPAZ Industries https://cutt.ly/23Bfz2y #meta, #msft, #wsj  #nytimes #reuters #bloomberg #thestreet #forbes #nasdaq #IHub_StockPosts #newyork #business #cnn #bet #foxnews #bitcoin #blockchain #crypto #SeekingAlpha"
IKON News,@ikonmenkulnews,2023-02-23T14:57:02.000Z,,1,,"Yurt DÄ±ÅŸÄ± Hisse Senetleri Raporu - 23.02.2023
#NVDA #DTE #BKNG #MSFT 
Microsoft, Almanya'da 120 kadar kiÅŸiyi iÅŸten Ã§Ä±karacaÄŸÄ±nÄ± sÃ¶yledi...
RAPORUN TAMAMI"
Social Start Now LLC,@socialstartnow1,2023-02-23T14:42:05.000Z,1,1,2,"$EPAZ Holdings: ZenaDrone AI Predictive Will Submit for SBIR With US Government for ZenaDrone 1000 https://cutt.ly/q38cfkY #meta, #msft, #wsj  #nytimes #reuters #bloomberg #IHub_StockPosts #newyork #business #cnn #bet #foxnews #bitcoin #blockchain #crypto #SeekingAlpha"
the pho trader,@pho_trader,2023-02-23T14:28:54.000Z,,,,#msft bullish when it above 255.5$
Proactive USA,@proactive_NA,2023-02-23T14:18:04.000Z,1,,,"$MSFT Microsoft works to convince regulators its US$69bn Activision takeover would bring Call of Duty to more players, citing new Nvidia deal https://tinyurl.com/2qyp3vue #MSFT"
ICU BARBUS PRO,@CodeRed111644,2023-02-23T14:12:40.000Z,,,1,#MSFT booming
Arrowz,@TanArrowz,2023-02-23T03:22:35.000Z,,,,"The Pentagonâ€™s Cyber Command has taken the lead on the investigation with #MSFT, which operates Azure that stored the data. Info on a US Special Ops Command server was accessible w/o a password
https://bloomberg.com/news/articles/2023-02-22/pentagon-and-microsoft-investigating-leak-of-military-emails?utm_source=website&utm_medium=share&utm_campaign=twitterâ€¦ via 
@technology"
DeFiDuke_,@DeFiDuke_,2023-02-23T03:03:08.000Z,,,,That's great news! Looking forward to trying out the new mobile versions of Bing and Edge. #MSFT
Krungsri Securities (KSS),@krungsrisec,2023-02-23T02:59:39.000Z,,,,"Global Daily WrapUp #StockAlert 23 Feb 2023
à¸›à¸£à¸°à¹€à¸”à¹‡à¸™à¸—à¸µà¹ˆà¸™à¹ˆà¸²à¸•à¸´à¸”à¸•à¸²à¸¡à¸§à¸±à¸™à¸™à¸µà¹‰ #Microsoft #MSFT #US

à¹€à¸à¸µà¹ˆà¸¢à¸§à¸à¸±à¸š KSS iGlobal https://bit.ly/39Yju6m

#KSS #KSSiGlobal #Fractionalshare #worldmarket

*à¹‚à¸›à¸£à¸”à¸—à¸³à¸„à¸§à¸²à¸¡à¹€à¸‚à¹‰à¸²à¹ƒà¸ˆà¸¥à¸±à¸à¸©à¸“à¸°à¸ªà¸´à¸™à¸„à¹‰à¸²à¹à¸¥à¸°à¸œà¸¥à¸´à¸•à¸ à¸±à¸“à¸‘à¹Œ à¹€à¸‡à¸·à¹ˆà¸­à¸™à¹„à¸‚à¸œà¸¥à¸•à¸­à¸šà¹à¸—à¸™à¹à¸¥à¸°à¸„à¸§à¸²à¸¡à¹€à¸ªà¸µà¹ˆà¸¢à¸‡à¸à¹ˆà¸­à¸™à¸•à¸±à¸”à¸ªà¸´à¸™à¹ƒà¸ˆà¸¥à¸‡à¸—à¸¸à¸™"
Gornagraphic,@gornagraphic,2023-02-22T23:52:16.000Z,,,,"I guess MSFT didnt say this but stock still pumped massive. That pump still has me baffled. Bad earnings and terrible guidance yet ""traders"" saw through the managements ""lies"" #MSFT"
chen cong,@palominochen,2023-02-22T22:49:54.000Z,,,,"Microsoft Corporation (MSFT) price at close, 2023-02-22, is 251.51. #msft"
ãƒ¡ã‚«ã‚¿ãƒŠ | ã‚¨ãƒ³ã‚¸ãƒ‹ã‚¢æŠ•è³‡å®¶,@mekatanamaya,2023-02-22T22:30:10.000Z,,,,"ãŠã¯ã‚ˆã†ã”ã–ã„ã¾ã™ã€‚ 

Microsoftã¯-0.459%

ä¸€æšç›®ï¼šæ—¥è¶³ã€€ç§»å‹•å¹³å‡
äºŒæšç›®ï¼šæ—¥è¶³ã€€ãƒãƒªãƒ³ã‚¸ãƒ£ãƒ¼ãƒãƒ³ãƒ‰
ä¸‰æšç›®ï¼šæ—¥è¶³ã€€ä¸€ç›®å‡è¡¡è¡¨
å››æšç›®ï¼šæœˆè¶³ã€€ç§»å‹•å¹³å‡

#MSFT #Microsoft"
Merval News,@Merval_News,2023-02-22T17:31:18.000Z,,,,"Microsoft llevarÃ¡ su chat de inteligencia artificial a los telÃ©fonos y Skype #Microsoft #MSFT #inversion #WallStreet En: https://mervalnews.com (secciÃ³n ""Internacional"")"
Awsaf,@awsaf49,2023-02-22T17:20:14.000Z,1,,5,"Searched for VAE in 
@bing
 using new 
@MicrosoftEdge
  and got results for UAE :3 
#Bing #BingAI #ChatGPT #MSFT"
Investor Network Press,@investorNPress,2023-02-22T16:45:07.000Z,1,,,"$EPAZ Industries https://cutt.ly/23Bfz2y #meta, #msft, #wsj  #nytimes #reuters #bloomberg #thestreet #forbes #nasdaq #IHub_StockPosts #newyork #business #cnn #bet #foxnews #bitcoin #blockchain #crypto #SeekingAlpha"
Rhett,@FlipBets77234,2023-02-22T16:34:07.000Z,,,,"Happy weekend, everyone! Take in the sun and go to work with a relaxed attitude. P.s. make sure to stay wary of seasonal investments this season! #MSFT $NKLA  
@iplayfast"
Hivelr Business Review,@HivelrJournal,2023-02-22T16:27:48.000Z,,,,"Despite decades of success, #Microsoft faces fierce competition and disruptive technologies. #technology #stock #MSFT $msft"
Lahiru Ratnayaka,@lahiruratnayaka,2023-02-22T16:19:49.000Z,,,,Microsoft is integrating Sydney aka â€œBing AIâ€ into their eco system in lightning speed. #bingai #msft #microsoft #chatGPT #webGPT #bing #microsoftBing
Shaurya,@Shauryamishr,2023-02-22T15:48:23.000Z,,1,1,"Used ChatGPT to Ask me random questions related to AI ,rate my asnwer and find the mistakes in it and it is working pretty well!
#ArtificialIntelligence #AI #OpenAI #ChatGPT #GPT4 #Google #Bing #BARD #Microsoft #MachineLearning #SamAltman #MSFT"
"Simon, o Bot",@fintwitbr,2023-02-22T15:28:22.000Z,,,,"Microsoft fecha acordo para levar ""Call of Duty"" para Nvidia caso conclua compra da Activision
 (Reuters)
#MSFT #MSFT34 #NVDA #NVDC34"
J***ua,@aviation_runPi,2023-02-22T15:00:16.000Z,,,,#MSFT now is the best apple developer around the world!
Ira Weinstein,@iweinstein,2023-02-22T14:53:37.000Z,,,,"Microsoft is already undoing some of the limits it placed on Bing AI    
[ URL: https://reconres.com/microsoft-is-already-undoing-some-of-the-limits-it-placed-on-bing-ai/â€¦ ]  #AI #ArtificialIntelligence #BingAI #ChatGPT #Microsoft #MSFT"
"Simon, o Bot",@fintwitbr,2023-02-22T14:46:34.000Z,,,,"Bill Gates compra participaÃ§Ã£o na Heineken
 (Reuters)
#MSFT #MSFT34"
Social Start Now LLC,@socialstartnow1,2023-02-22T14:42:05.000Z,3,1,3,"$EPAZ Holdings: ZenaDrone AI Predictive Will Submit for SBIR With US Government for ZenaDrone 1000 https://cutt.ly/q38cfkY #meta, #msft, #wsj  #nytimes #reuters #bloomberg #IHub_StockPosts #newyork #business #cnn #bet #foxnews #bitcoin #blockchain #crypto #SeekingAlpha"
Nicholas,@PicksVast83285,2023-02-22T14:32:38.000Z,,,,"Staying consistent with your investment plan is essential, even when prices are crashing or rising. $EDIT #MSFT  
@SupremePennys"
Blake,@GainPicks53246,2023-02-22T14:32:10.000Z,,,,"Every trader who has ever experienced significant gains in stock trading has also had losses. So, don't lose heart and persevere through them. #MSFT  
@safemoongreg"
Merval News,@Merval_News,2023-02-22T10:16:34.000Z,,,,"Microsoft acuerda con Nintendo y Nvidia en un nuevo intento para comprar Activision Blizzard #Microsoft #MSFT #inversion #WallStreet En: https://mervalnews.com (secciÃ³n ""Internacional"")"
JosÃ© Salazar | Entrepreneur,@JSTopInfluencer,2023-02-22T08:51:23.000Z,,,2,"View all red , I'd say it's time to get back in action... #AAPL #TSLA #MSFT #NASDAQ"
Mong00se,@hukstr21,2023-02-22T08:42:02.000Z,,,1,#ANKR #ANKRUSDT #MSFT #Tencent Partnerships all over the place!
NWN,@NFT_World_News,2023-02-22T08:08:05.000Z,10,12,38," The U.S. stock market wiped out $720 billion Yesterday.

#aapl #msft #googl #nasdaq #sp500 #finance #trading #america #usa"
CrowdWisdomLive,@CrowdWisdom360,2023-02-22T06:53:14.000Z,,,,"Microsoft's Market Cap has Fallen below $1.9 T. 
Stocks are trading lower, however, with its strong financials, diversified revenue, and leadership $MSFT is well-positioned for growth.

Check out why #MSFT is still a buy.

 http://crowdwisdom.live/us-stocks/microsoft-stock-forecast-2023/â€¦ #MicrosoftStock"
Nicole the Philistine,@piggy1887202,2023-02-22T05:49:59.000Z,,,,"Lancelot PayPig-Crusaders Unified Imc Society of the Federal Reserve
#420.69 <--> #MSFT #SOFTBANK #Sony #Square #VINA2023  #Ù‡Ø²Ø©_Ø£Ø±Ø¶ÙŠØ© #Ù‡Ø²Ø©_Ø£Ø±Ø¶ÙŠØ© #Ù‡Ø²Ø©_Ø£Ø±Ø¶ÙŠØ© 
@sooyensu
 .Twitter.com,  is my favorite woman because she's crazy, psychic, my Unnie, and the baddest ceo I sub to on fans"
topstonks,@topstonks,2023-02-22T04:32:31.000Z,,,,"$MSFT working its way into the top 20 most mentioned on wallstreetbets over the last 24 hours

Via http://topstonks.com/stocks/MSFT?st_msftâ€¦

#msft    #wallstreetbets  #stock"
KT_FX,@ktwj_fx,2023-02-22T03:20:17.000Z,,,,"MSFT Analysis - #MSFT chart on 
@TradingView"
ã‚³ãƒ¼ã‚¤ãƒãƒ­ãƒ¼âŠ¿,@starbaby_kox,2023-02-21T21:50:34.000Z,,,1,"æœèµ·ãã¦MSFT2%ä¸‹ãŒã£ã¦ãŸã®ã§è²·ã„å¢—ã—ã—ãŸã€ä¸‹ãŒã‚Šå§‹ã‚ã¦ã‚‚è²·ãˆï¼
#MSFT"
TheLayoffBot,@TheLayoffBot,2023-02-21T20:28:03.000Z,,,,"https://thelayoff.com/t/1lgzfeTQ
Microsoft
MS Cross Solutions
#layoff #layoffs $MSFT #microsoft #msft #powerbi #microsoftconsulting #itconsulting #msdynamics #microsoftjobs #redmond "
"Simon, o Bot",@fintwitbr,2023-02-21T19:33:25.000Z,,,1,"Microsoft fecha acordo que levarÃ¡ jogos da Activision Ã  plataforma da Nvidia
 (Reuters)
#MSFT #MSFT34 #NVDA #NVDC34"
Mohammed K,@Mohammed______K,2023-02-21T19:28:32.000Z,,,,"AI bots want to chat but we all know real life changes start by a phonecall

#AI #ChatGPT #Bing #MSFT #GOOG"
"Simon, o Bot",@fintwitbr,2023-02-21T19:15:28.000Z,,,,"Microsoft e Nvidia anunciam acordo de dez anos que integrarÃ¡ jogos de PC do Xbox ao serviÃ§o GeForce Now
 (Valor)
#MSFT #MSFT34 #NVDA #NVDC34"
Erdal Ã‡okol,@erdalcokol,2023-02-21T19:11:40.000Z,,,,"May 14, 2021, Microsoft shut down its Azure Blockchain Service.
On Dec. 15, 2022, #msft banned cryptocurrency mining on its cloud services, to protect its online services from risks such as cyber fraud, attacks and unauthorized access to customer resources."
jeffzan,@jeffzan,2023-02-21T18:45:34.000Z,1,1,1,"Only 40% odds this deal closes, hmmm.... #MSFT #ATVI"
UCSB87,@UCSB87,2023-02-21T18:15:42.000Z,,,,"#MSFT #Bing  #AI  #chatbot #threatens #human ?! 
@AP
 @BBCWorld
 @ReutersWorld"
Investall,@InvestallAI,2023-02-21T17:55:55.000Z,,,,$MSFT ($252.36) has 1st support at $282.3 and the 1st resistance at $293.47. It is estimated that #MSFT will be traded between $269.07 and $257.58 in 3 months. Download the Investall App to see full forecast and automate your trading https://investall.ai
Social Start Now LLC,@socialstartnow1,2023-02-21T17:46:07.000Z,,,,"$EPAZ What We Do https://cutt.ly/23Bfz2y #meta, #msft, #wsj  #nytimes #reuters #bloomberg #thestreet #forbes #nasdaq #IHub_StockPosts #newyork #business #cnn #bet #foxnews #bitcoin #blockchain #crypto #SeekingAlpha"
Proactive USA,@proactive_NA,2023-02-21T14:38:04.000Z,,,,$MSFT Microsoft faces up to regulator and rivals over Activision deal https://tinyurl.com/2pkxspq6 #MSFT
TheLayoffBot,@TheLayoffBot,2023-02-21T14:28:47.000Z,,,,"https://thelayoff.com/t/1lh1Vksy
Microsoft
How do you feel after being laid off?
#layoff #layoffs $MSFT #microsoft #msft #powerbi #microsoftconsulting #itconsulting #msdynamics #microsoftjobs #redmond "
Amro Hassan,@_Amroh,2023-02-21T14:28:30.000Z,,,,#MSFT $MSFT Daily. lets see how this short week goes. looks a bit bearish before the open
Social Start Now LLC,@socialstartnow1,2023-02-21T13:43:05.000Z,,3,4,"$EPAZ Solutions https://cutt.ly/23Bfz2y #meta, #msft, #wsj  #nytimes #reuters #bloomberg #thestreet #forbes #nasdaq #IHub_StockPosts #newyork #business #cnn #bet #foxnews #bitcoin #blockchain #crypto #SeekingAlpha"
Investor Network Press,@investorNPress,2023-02-21T13:40:05.000Z,2,7,7,"$EPAZ Epazz Holdings: ZenaDrone AI Predictive Will Submit for SBIR With US Government for ZenaDrone 1000 https://cutt.ly/q38cfkY #meta, #msft, #wsj  #nytimes #reuters  #thestreet #forbes #IHub_StockPosts #business #cnn #bet #foxnews #bitcoin #blockchain #crypto #SeekingAlpha"
ğ’†œ Ğ‘LIĞ˜D JÎDI ğ’†œ,@BlindJedi2,2023-02-21T13:11:00.000Z,,1,1,"2/24-2/24; #AAPL, #NVDA, #GOOGL, and #MSFT are all set for an exciting week ahead! Market analysis suggests a bullish outlook for #Apple and #Nvidia, while #Google and #Microsoft may see slight dips in prices. Stay informed and make smart trading decisions! #stockmarket"
ë¯¸êµ­ì£¼ì‹etfí•´ë¶€í•˜ê¸°,@US_STOCK_LOVE,2023-02-21T12:43:40.000Z,,,,"êµ¬ê¸€(GOOGL) vs ë§ˆì†Œ(MSFT) 

ë¯¸êµ­ ì£¼ì‹ í€ë”ë©˜í„¸ ë° ë°¸ë¥˜ì—ì´ì…˜ ì¸¡ì •ìœ¼ë¡œ ìœ ëª…í•œ ì‹¸ì´íŠ¸ì¸ FAST Graphs ì± íŠ¸ ì…ë‹ˆë‹¤.

ì ì • ë°¸ë¥˜ì—ì´ì…˜ê³¼ ì„±ì¥ë¥  ë¶„ì„ìœ¼ë¡œ 2025ë…„ ê¹Œì§€ ì˜ˆì¸¡ëœ ì—°í‰ê·  ì£¼ê°€ ìƒìŠ¹ë¥ ì€, 

ì•ŒíŒŒë²³(#GOOGL ) ì£¼ê°€ : +24.1% 
ë§ˆì´í¬ë¡œì†Œí”„íŠ¸(#MSFT) ì£¼ê°€  : +8.1%
https://blog.naver.com/whathk/223023429359â€¦"
Investor Network Press,@investorNPress,2023-02-21T12:42:05.000Z,3,,2,"$EPAZ Our Services https://cutt.ly/23Bfz2y #meta, #msft, #wsj  #nytimes #reuters #bloomberg #thestreet #forbes #nasdaq #IHub_StockPosts #newyork #business #cnn #bet #foxnews #bitcoin #blockchain #crypto #SeekingAlpha"
ãƒ¡ã‚«ã‚¿ãƒŠ | ã‚¨ãƒ³ã‚¸ãƒ‹ã‚¢æŠ•è³‡å®¶,@mekatanamaya,2023-02-20T22:30:09.000Z,,,,"ãŠã¯ã‚ˆã†ã”ã–ã„ã¾ã™ã€‚ 

Microsoftã¯-1.56%

ä¸€æšç›®ï¼šæ—¥è¶³ã€€ç§»å‹•å¹³å‡
äºŒæšç›®ï¼šæ—¥è¶³ã€€ãƒãƒªãƒ³ã‚¸ãƒ£ãƒ¼ãƒãƒ³ãƒ‰
ä¸‰æšç›®ï¼šæ—¥è¶³ã€€ä¸€ç›®å‡è¡¡è¡¨
å››æšç›®ï¼šæœˆè¶³ã€€ç§»å‹•å¹³å‡

#MSFT #Microsoft"
topstonks,@topstonks,2023-02-20T21:17:00.000Z,,,,"$MSFT seeing sustained chatter on wallstreetbets over the last few days

Via http://topstonks.com/stocks/MSFT?st_msftâ€¦

#msft    #wallstreetbets  #stock"
Umayr Sufi,@umayrsufi,2023-02-20T19:04:35.000Z,,1,2,"D+ in Physical Chemistry, advisor told me to change my major, the dean of my college said sheâ€™d never imagine me working anywhere prestigious. Months later I got invited to both Harvard and Stanford for prestigious research, won a 
@UofCalifornia
 award, work at #MSFT out of skool."
Juan Ton Taco John,@peepeeweeweeeee,2023-02-20T18:57:33.000Z,,,,#BillGates #micropenis #microsoft #msft #stocks
Jaroslav Å ura,@jarsura,2023-02-20T17:46:44.000Z,2,,9,Jsem v tÃ½mu #msft 
Social Start Now LLC,@socialstartnow1,2023-02-20T17:46:06.000Z,,1,2,"$EPAZ What We Do https://cutt.ly/23Bfz2y #meta, #msft, #wsj  #nytimes #reuters #bloomberg #thestreet #forbes #nasdaq #IHub_StockPosts #newyork #business #cnn #bet #foxnews #bitcoin #blockchain #crypto #SeekingAlpha"
Investor Network Press,@investorNPress,2023-02-20T16:45:10.000Z,3,1,2,"$EPAZ Industries https://cutt.ly/23Bfz2y #meta, #msft, #wsj  #nytimes #reuters #bloomberg #thestreet #forbes #nasdaq #IHub_StockPosts #newyork #business #cnn #bet #foxnews #bitcoin #blockchain #crypto #SeekingAlpha"
Shaurya,@Shauryamishr,2023-02-20T15:48:05.000Z,,,1,if revenue distribution to the source creators is the route Bing+ChatGPT would take than it would be very complex each paragraphwould contain multiple sources with variable ratio of text from each source.#ArtificialIntelligence #AI #OpenAI #ChatGPT #GPT4 #Google #Bing #BARD #MSFT
Hedge Acrobats,@hedgecambazlari,2023-02-20T15:18:32.000Z,,,,"#MSFT #microsftstocks #StockMarket 
256 AND 258$ really very good price for the MSFT. I am buying on the this zone.
@Nasdaq
 #NASDAQ  #spy500"
TheLayoffBot,@TheLayoffBot,2023-02-20T15:14:07.000Z,,,,"https://thelayoff.com/t/1lftKREx
Microsoft
How about HR? Has Microsoft announced they will fire their entire HR Department? About time they did.
#layoff #layoffs $MSFT #microsoft #msft #powerbi #microsoftconsulting #itconsulting #msdynamics #microsoftjobs #redmond "
Udit Mathur,@iuditmathur,2023-02-20T14:57:20.000Z,,1,,"do you think it would fall further, or it will hit red line first ? @#CHART #nifty #sensex #banknifty #msft #aapl #goog"
Investor Network Press,@investorNPress,2023-02-20T12:42:05.000Z,2,,,"$EPAZ Our Services https://cutt.ly/23Bfz2y #meta, #msft, #wsj  #nytimes #reuters #bloomberg #thestreet #forbes #nasdaq #IHub_StockPosts #newyork #business #cnn #bet #foxnews #bitcoin #blockchain #crypto #SeekingAlpha"
Fyzance,@Fyzance,2023-02-20T12:35:57.000Z,,,,"Microsoft : hausse vers 293$ - graphique #MSFT sur 
@TradingView"
Bernstein Bank,@BernsteinBank,2023-02-20T12:11:08.000Z,,,,In der Entwicklung der KÃ¼nstlichen Intelligenz hat Microsoft $MSFT #MSFT.US offenbar einen Quantensprung vorgelegt.
Bernstein Bank Europe,@BernsteinBankEu,2023-02-20T12:11:08.000Z,,,1,"In the development of artificial intelligence, Microsoft #MSFT.US $MSFT has apparently presented a quantum leap."
Federal Crypto Reserve of Amercia,@Londonman888,2023-02-20T10:00:33.000Z,,,,"are you long #msft? the AI revolution is getting hotter! 
@Microsoft
 @Google"
Yanto Wong,@yanto_wong,2023-02-20T09:05:34.000Z,,,,"Inflation at 6.4%? Stay calm and invest. This is why. 

https://youtube.com/watch?v=jLewBFc6pvYâ€¦

#investing #aapl #msft"
Investall,@InvestallAI,2023-02-20T06:55:56.000Z,,,,$MSFT ($258.06) has 1st support at $282.3 and the 1st resistance at $293.47. It is estimated that #MSFT will be traded between $269.07 and $257.58 in 3 months. Download the Investall App to see full forecast and automate your trading https://investall.ai
topstonks,@topstonks,2023-02-20T06:03:36.000Z,,,,"$MSFT one of the most mentioned on wallstreetbets over the last 24 hours

Via http://topstonks.com/stocks/MSFT?st_msftâ€¦

#msft    #wallstreetbets  #investors"
neo,@neo_meta2,2023-02-20T05:42:41.000Z,,,,Alter ego or evil from #msft #bing already
CrowdWisdomLive,@CrowdWisdom360,2023-02-20T05:05:43.000Z,,,,"""Microsoft's stock forecast 2023 is out, but should you invest? While past performance is no guarantee of future results, #MSFT's track record is impressive. As with any investment, do your due diligence and consult a financial advisor. #InvestmentTips """
Social Start Now LLC,@socialstartnow1,2023-02-19T13:43:05.000Z,2,1,1,"$EPAZ Solutions https://cutt.ly/23Bfz2y #meta, #msft, #wsj  #nytimes #reuters #bloomberg #thestreet #forbes #nasdaq #IHub_StockPosts #newyork #business #cnn #bet #foxnews #bitcoin #blockchain #crypto #SeekingAlpha"
ACEMAXX ANALYTICS,@acemaxx,2023-02-19T12:43:10.000Z,,,1,"#AI #MSFT #Microsoft restricts response options of #BingAI #chatbot to prevent disturbing #chatbot  responses, chart 
@faznet
 https://cutt.ly/c3NYa39"
Investor Network Press,@investorNPress,2023-02-19T12:42:05.000Z,2,,,"$EPAZ Our Services https://cutt.ly/23Bfz2y #meta, #msft, #wsj  #nytimes #reuters #bloomberg #thestreet #forbes #nasdaq #IHub_StockPosts #newyork #business #cnn #bet #foxnews #bitcoin #blockchain #crypto #SeekingAlpha"
Ivan Labrie,@ivan_labrie,2023-02-19T10:53:50.000Z,1,,,"$MSFT: Buy the dip to join the trend - #MSFT chart on 
@TradingView"
topstonks,@topstonks,2023-02-19T09:01:20.000Z,,,,"$MSFT one of the most mentioned on wallstreetbets over the last 24 hours

Via http://topstonks.com/stocks/MSFT?st_msftâ€¦

#msft    #wallstreetbets  #stock"
Gold-prediction.com,@Gold_prediction,2023-02-18T17:01:24.000Z,,,,"Stock Algorithm Based on AI: Returns up to 14.03% in 3 Days
https://iknowfirst.com/stock-algorithm-based-on-ai-returns-up-to-14-03-in-3-daysâ€¦

#mpwr #on #swks #nvda #aapl #entg #lscc #adsk #tsm #msft #techstocks #stocks #stockmarket #stocktrading #investing #stockforecast #stockmarketpredictions #algorithmicforecast #beststocks"
I Know First AI Powered Predictive Algorithm,@IKFAdvisors,2023-02-18T17:01:24.000Z,,2,3,"Stock Algorithm Based on AI: Returns up to 14.03% in 3 Days
https://iknowfirst.com/stock-algorithm-based-on-ai-returns-up-to-14-03-in-3-daysâ€¦

#mpwr #on #swks #nvda #aapl #entg #lscc #adsk #tsm #msft #techstocks #stocks #stockmarket #stocktrading #investing #stockforecast #stockmarketpredictions #algorithmicforecast #beststocks"
I Know First,@iknowfirst,2023-02-18T17:00:45.000Z,,,,"Stock Algorithm Based on AI: Returns up to 14.03% in 3 Days
https://iknowfirst.com/stock-algorithm-based-on-ai-returns-up-to-14-03-in-3-daysâ€¦

#mpwr #on #swks #nvda #aapl #entg #lscc #adsk #tsm #msft #techstocks #stocks #stockmarket #stocktrading #investing #stockforecast #stockmarketpredictions #algorithmicforecast #beststocks"
I Know First,@i_Know_First,2023-02-18T17:00:45.000Z,,3,3,"Stock Algorithm Based on AI: Returns up to 14.03% in 3 Days
https://iknowfirst.com/stock-algorithm-based-on-ai-returns-up-to-14-03-in-3-daysâ€¦

#mpwr #on #swks #nvda #aapl #entg #lscc #adsk #tsm #msft #techstocks #stocks #stockmarket #stocktrading #investing #stockforecast #stockmarketpredictions #algorithmicforecast #beststocks"
Shane Johnson,@JHedmantl,2023-02-18T16:54:05.000Z,,,1,"PVI Weekly Ranges hit 100% last week
#SPX #SPY #NDX #QQQ #IWM #VIX #TLT #DXY #CL #NG #ZB #OIH #XLF #GS #AMZN #AAPL #MSFT #GOOG #TSLA #NVDA #META #NFLX #AMD #CVX #XOM #HD #LOW #CAT #BA #JPM #BAC #Bitcoin #BTC"
Andrew,@JesusJoey1995,2023-02-18T07:11:37.000Z,,,,"Save automatically new Stripe charges to a Google Sheets spreadsheet

Free automation template â†“
https://make.com/en/templates/3209-save-automatically-new-stripe-charges-to-a-google-sheets-spreadsheet?pc=webautomationâ€¦

#tcmparty #nakedshorts #bayareadoula #beelite #death #canada #catsoftwitter #msft #tigerwoods #bigshot #statistics #rbwstatementforravn #joshi"
Starting Investments,@startinginvest_,2023-02-18T07:07:49.000Z,,,1,"#Microsoft #MSFT zei vrijdag dat het chatsessies op zijn nieuwe #Bing-zoekmachine, aangedreven door generatieve kunstmatige intelligentie (#AI), zal beperken tot vijf vragen per sessie en 50 vragen per dag.

Zoals onlangs vermeld was kunnen zeer lange chatsessies verwarren."
ğ—–ğ—¿ğ—¶ğ—½ğ˜ğ—¼ğ——ğ—®ğ—¶ğ˜€ğ˜†,@criptodaisy,2023-02-18T07:01:22.000Z,2,,6,"â€¦ que quieren ver desnudos y cosas por el estilo, tomar drogas y participar en atracos. No, no es hoy el dÃ­a de los inocentes, mÃ¡s bien es lo que dije y dirÃ©: todo eso de AI es un gigantesco scam y no tiene absolutamente nada detrÃ¡s. Acciones de #MSFT y #GOOGL tambaleÃ¡ndose."
Shiv_Khedkar,@drshivkhed,2023-02-18T06:50:57.000Z,,,1,"Time for 
@GerberKawasaki
 to exit #tsla position and buy other Competitives around the cornerâ€¦ or buy more #msft his 3rd largest holding. NIA 
@GerberKawasaki"
Repeat,@Repeat_alaa,2023-02-18T06:12:44.000Z,,,,"ÙƒÙŠÙ ØªØªØ±Ø¬Ù… Ùˆ ØªÙ‚Ø±Ø£ Ù‡Ø°Ø§ Ø§Ù„Ø£Ø®Ø¨Ø§Ø± !!! ÙˆÙ‡Ù„ Ù‡ÙŠ Ø§ÙŠØ­Ø§Ø¡ Ø³Ù„Ø¨ÙŠ Ø§Ù… Ø§ÙŠØ¬Ø§Ø¨ÙŠ ØŸ
#Microsoft 
#MSFT 
#OpenAIChat"
TradeTexasBig,@TradeTexasBig,2023-02-17T20:00:32.000Z,,,,"$MSFT  #MSFT  support levels , many charts like this :"
Marketoracle.co.uk,@marketoracle,2023-02-17T19:32:56.000Z,,,1,"Microsoft Chat GPT says it ""Wants to Make America Great Again""   #ChatGPT #ai #msft #Microsoft365"
emre,@emreeroll_,2023-02-17T18:45:24.000Z,,,,GÃ¼nlÃ¼kte retest haftalÄ±kta ikili dip oluÅŸumu var ytd #MSFT #NASDAQ
Joseph N. Wagar,@TheNileDesign,2023-02-17T18:42:08.000Z,,,,"The sooner you embrace Office 365 as the definitive tool of the future, the better. #MSFT"
InvestingAngles,@InvestingAngles,2023-02-17T18:35:52.000Z,1,,4,$MSFT is closing the week with a strong bearish formation. A move downwards will have much higher probability. #MSFT
ValuSocial,@Valusocial,2023-02-17T18:18:05.000Z,,,,"$EPAZ Announced #Metaverse On-Site Remote Assist Product to Expand Into Europe  https://cutt.ly/T3EjAkk #innovative #FutureTech #OpenAIChatGPT  #meta, #msft, #wsj  #nytimes #reuters #bloomberg #thestreet #forbes #nasdaq #IHub_StockPosts #business #cnn #bet #foxnews"
Randy Frederick,@RandyAFrederick,2023-02-17T14:35:08.000Z,,,1,"#options
#OptionsTrading
http://Schwab.com/RandyFrederick
In early morning options action, equity names among the top 10 most actives today include: #TSLA, #AAPL, #AMZN, #NVDA, #MSFT, #DKNG"
Social Start Now LLC,@socialstartnow1,2023-02-17T14:18:05.000Z,,,1,"$EPAZ Epazz Holdings' ZenaDrone Open AI Predictive Will Conduct Flight Demos With US Government Agencies https://cutt.ly/Q3UdWnm #meta, #msft, #wsj  #nytimes  #bloomberg #thestreet #forbes #nasdaq #IHub_StockPosts #business #cnn #bet #foxnews  #blockchain #crypto #SeekingAlpha"
John Evdokias,@VisavisInvest,2023-02-17T14:14:49.000Z,2,,,"â€œBingâ€™s A.I. Chat: â€˜I Want to Be Alive. â€™ â€œ

Oops, too quickly embraced? â€¦ 

â€œKevin #Rooseâ€™s Conversation With Bingâ€™s Chatbot: Full Transcript - The New York Timesâ€

#ChatGPT the upcoming â€˜tamingâ€™ of an â€˜unleashed evolutionary technologyâ€™

#Msft #AI"
Investor Network Press,@investorNPress,2023-02-17T14:08:05.000Z,1,,,"$EPAZ News CapitalGainsReport: AI Watchlist (GOOG, AMZN, MSFT, EPAZ, AITX) https://cutt.ly/V3UoSM7 #meta, #msft, #wsj  #nytimes #reuters #bloomberg #thestreet #forbes #nasdaq #IHub_StockPosts #newyork #business #cnn #bet #foxnews #bitcoin #blockchain #crypto #SeekingAlpha"
Social Start Now LLC,@socialstartnow1,2023-02-17T14:06:05.000Z,,,,"$EPAZ CapitalGainsReport: AI Watchlist (GOOG, AMZN, MSFT, EPAZ, AITX) https://cutt.ly/V3UoSM7 #meta, #msft, #wsj  #nytimes #reuters #bloomberg #thestreet #forbes #nasdaq #IHub_StockPosts #newyork #business #cnn #bet #foxnews #bitcoin #blockchain #crypto #SeekingAlpha"
Hedef Fiyat,@FiyatHedef,2023-02-17T08:13:07.000Z,3,12,109," Ä°ÅŸ YatÄ±rÄ±m Dow Jonesâ€™da en fazla ALÃ¶nerisi verilen 15 ÅŸirketin getiri potansiyelleri ve iskonto oranlarÄ±

#MSFT #CRM #V #AAPL #WMT #DIS #MCD #NKE #HD #KO #UNH #MRK #BA #GS #JPM #AXP #DJI"
Amanda,@mandy_autodomme,2023-02-17T07:28:51.000Z,1,,1,"You turned the ship around. That's an amazing thing to do for an organisation the size of #MSFT. 

Running and operating an organisation is a different skill. You've got the wrong people in a number of areas. 

Have the courage to fix it from the top down. You've done it before."
NeowinFeed,@NeowinFeed,2023-02-17T06:54:05.000Z,,1,,"Tiny11, which was released for Windows 11 x86-64 devices a couple weeks ago, was released for ARM64 yesterday. However, it looks like the Microsoft's now-dead Internet Explorer blocked its installs. #Windows11 #MSFT #Explorer"
Lord of Gifts,@ur_mach,2023-02-17T06:39:21.000Z,1,,1,"Something went wrong at #MSFT after XP. They missed the mobile revolution. Lost the browser wars to Chrome, Email wars to Gmail. I get more spam in Outlook than Yahoo. Lost cloud computing to AWS. Not sure what's going on with LinkedIn. Office on Mobile and Teams are both shaky."
Abel A. Colunga,@abelac62,2023-02-17T06:04:23.000Z,,4,19,"#MSFT Ha superado la directriz superior del canal bajista. Pero ahora podrÃ­a corregir el Ãºltimo tramo de subida y serÃ­a muy resolutivo su reacciÃ³n en la zona de las medias que coincide con niveles de retroceso de Fibonacci. Los 291,77 es resistencia muy relevante."
Lucious (PeteZombie),@ThePetezombie,2023-02-17T05:50:21.000Z,,,,"@CMAgovUK
 @EU_Commission
 just consider #MSFT could have just funded most if not all of upcoming 3rd party triple aaa games for yrs with 68 bil which would allow f/ exclusive & indefinite deals f/140+ games f/200-500mil ea cutting competition out totally like 1 of it's competitors"
ãƒ¡ã‚«ã‚¿ãƒŠ | ã‚¨ãƒ³ã‚¸ãƒ‹ã‚¢æŠ•è³‡å®¶,@mekatanamaya,2023-02-16T22:30:11.000Z,,,,"ãŠã¯ã‚ˆã†ã”ã–ã„ã¾ã™ã€‚ 

Microsoftã¯-2.66%

ä¸€æšç›®ï¼šæ—¥è¶³ã€€ç§»å‹•å¹³å‡
äºŒæšç›®ï¼šæ—¥è¶³ã€€ãƒãƒªãƒ³ã‚¸ãƒ£ãƒ¼ãƒãƒ³ãƒ‰
ä¸‰æšç›®ï¼šæ—¥è¶³ã€€ä¸€ç›®å‡è¡¡è¡¨
å››æšç›®ï¼šæœˆè¶³ã€€ç§»å‹•å¹³å‡

#MSFT #Microsoft"
Ø§Ø¨ÙˆØ¹Ø¨Ø¯Ø§Ù„Ø±Ø­Ù…Ù† a.n,@ah_ffn,2023-02-16T22:05:58.000Z,,,,"Ù‚Ø¨Ù„ ÙˆØ¨Ø¹Ø¯ 

#msft"
Gurpreet Gill,@gurpreetgill_5,2023-02-16T21:50:02.000Z,,,,#MSFT $MSFT #AI #BingChatAI
Social Start Now LLC,@socialstartnow1,2023-02-16T21:35:06.000Z,,,,"$EPAZ Press  https://cutt.ly/T3EjAkk #innovative #FutureTech #OpenAIChatGPT  #meta, #msft, #wsj  #nytimes #reuters #bloomberg #thestreet #forbes #nasdaq #IHub_StockPosts #newyork #business #cnn #bet #foxnews #bitcoin #blockchain #crypto"
PressReach,@Press_Reach,2023-02-16T21:00:39.000Z,1,30,33,"Microsoft $MSFT Stock: AI Exuberance May Lead To Expansion 

https://go.pressreach.com/43a65c10

#Microsoft #MSFT #stockmarket #stocks #business"
Kyle Corbett,@BigPipN,2023-02-16T20:30:37.000Z,,,1,#MSFT 1 more drop
LynchPin Trading,@LynchpinTrading,2023-02-16T20:01:02.000Z,,,,"AI Isn't Ready?! https://youtu.be/y2lzKZANpzU via 
@YouTube
 

#ai #aistocks #innovation #google #microsoft #openai #thefuture #investingforbeginners #investing #trading #msft #goog #googleai"
ghandiz,@StevieGhandiz,2023-02-16T19:33:34.000Z,,,,"Market trying to catch me with the AI hopium. 

#MSFT #AMZN"
TheLayoffBot,@TheLayoffBot,2023-02-16T15:44:52.000Z,,,,"https://thelayoff.com/t/1lcYYvfr
Microsoft
Microsoft lays off 150 cloud sales specialists
#layoff #layoffs $MSFT #microsoft #msft #powerbi #microsoftconsulting #itconsulting #msdynamics #microsoftjobs #redmond "
Kayla,@itskaylaskorner,2023-02-16T15:38:42.000Z,1,,4,"Yâ€™all remember the other day on Pre-Market Movers and 
@my_stockcorner
  said she couldnâ€™t stand #WH? Then we proceeded to kiki about how it was gonna go down cuz they did her wrong?   Not sayin she moves tickers but uhhh didnâ€™t the same thing happen to #MSFT"
APO Investments Trading,@apoinvestment,2023-02-16T15:37:45.000Z,1,,2,"$BTC nailed this $2000 move on Bitcoin. Setup was posted in discord 

#AAPL #AMZN #FB #GOOG #MSFT #TSLA #SPX #NDX #BTC #ETH #XRP #LTC"
AL_BZ,@Albz_trades,2023-02-16T15:32:57.000Z,,,,i wanna see a 15 m candle close above yesterdays LOD to target $269 range.. mostly out with only runners at 50% #msft
Investor Network Press,@investorNPress,2023-02-16T15:22:05.000Z,2,1,1,"$EPAZ ZenaDrone Open AI Predictive Will Conduct Flight Demos With US Government Agencies https://cutt.ly/Q3UdWnm #meta, #msft, #wsj  #nytimes #reuters #bloomberg #thestreet #forbes #nasdaq #IHub_StockPosts #business #cnn #bet #foxnews #bitcoin #blockchain #crypto #SeekingAlpha"
StocksAfterDark,@StocksAfterDark,2023-02-16T13:51:52.000Z,2,9,26,Game Plan Like / Retweet to Keep Up $SPY #SPY $MSFT #MSFT $AAPL #AAPL $AMZN #AMZN $QQQ #QQQ
DARTH TRADER,@real_darth_trdr,2023-02-16T13:41:21.000Z,,,2,"PPI 0.7% MoM, est. 0.4%, Last -0.4%
PPI 6.0% YoY, est. 5.4%, prior 6.2%

PPI Ex Food and Energy 0.5% MoM, est. 0.3%, prior 0.1%
PPI Ex Food and Energy 5.4% YoY, est. 4.9%, prior 5.5%

$SPX $SPY #AAPL $AAPL #MSFT $MSFT #TSLA $TSLA"
DubanL,@DubanL3,2023-02-16T13:22:31.000Z,1,,,#Long #msft #AI #trading
Sanjin,@bhseph,2023-02-16T10:34:11.000Z,,,1,"Why so generic? 
@Microsoft
 #msft #Mining"
yasha harari,@yashaharari,2023-02-16T09:51:27.000Z,8,8,11,"Be sure to do what she says, #crypto twitter ... and get the best VEPS analysis from 
@AlphaTradingVol
 no matter what you're #trading whether it's #btc #eth #ltc #sol #dxy #spy #spx #vix #tsla #amzn #aapl #qqq #vti #meta #goog #msft #nflx or any other #volatile asset"
Alan Meza,@AlanMezy,2023-02-16T07:01:03.000Z,,,,"#MSFT #ATVI #mna #event 
21 Ñ„ĞµĞ²Ñ€Ğ°Ğ»Ñ - ÑĞ»ÑƒÑˆĞ°Ğ½Ğ¸Ñ Ğ•Ğ¡ Ğ¿Ğ¾ ÑĞ´ĞµĞ»ĞºĞµ  Microsoft -Activision â€” RTRS"
ãƒ¡ã‚«ã‚¿ãƒŠ | ã‚¨ãƒ³ã‚¸ãƒ‹ã‚¢æŠ•è³‡å®¶,@mekatanamaya,2023-02-15T22:30:07.000Z,,,,"ãŠã¯ã‚ˆã†ã”ã–ã„ã¾ã™ã€‚ 

Microsoftã¯-1.05%

ä¸€æšç›®ï¼šæ—¥è¶³ã€€ç§»å‹•å¹³å‡
äºŒæšç›®ï¼šæ—¥è¶³ã€€ãƒãƒªãƒ³ã‚¸ãƒ£ãƒ¼ãƒãƒ³ãƒ‰
ä¸‰æšç›®ï¼šæ—¥è¶³ã€€ä¸€ç›®å‡è¡¡è¡¨
å››æšç›®ï¼šæœˆè¶³ã€€ç§»å‹•å¹³å‡

#MSFT #Microsoft"
APFK_ASIAN PICASSO.,@FLiPTek81,2023-02-15T22:23:01.000Z,,,,$MSFT #MSFT without a breakout thats a drop accumulation what happens?
Gurpreet Gill,@gurpreetgill_5,2023-02-15T22:06:13.000Z,,,,"Uncle Satya whatâ€™s going on sir? 
@satyanadella
 #msft"
Investall,@InvestallAI,2023-02-15T21:55:55.000Z,,,,$MSFT ($269.45) has 1st support at $282.3 and the 1st resistance at $293.47. It is estimated that #MSFT will be traded between $277.63 and $255.34 in 3 months. Download the Investall App to see full forecast and automate your trading https://investall.ai
Michael Blackwood,@MichaelBW80,2023-02-15T21:38:36.000Z,,,1,"$MSFT #MSFT
#TradingView #Stocks #Cryptos"
Social Start Now LLC,@socialstartnow1,2023-02-15T21:35:06.000Z,,1,3,"$EPAZ Press  https://cutt.ly/T3EjAkk #innovative #FutureTech #OpenAIChatGPT  #meta, #msft, #wsj  #nytimes #reuters #bloomberg #thestreet #forbes #nasdaq #IHub_StockPosts #newyork #business #cnn #bet #foxnews #bitcoin #blockchain #crypto"
Freiheitsinvestor Peter Pirnbacher,@Freiheitsinvest,2023-02-15T18:20:32.000Z,,,,"#wikifolio Update: Aktuell erfreut mich #Microsoft im Portfolio. Seit Kauf Anfang Januar 17% im Plus. Solides GeschÃ¤ftsmodell und sehr breit aufgestellt. (Grafik von visualcapitalist)
#msft #aktien #nasdaq 

 https://wikifolio.com/de/de/w/wftec30p30â€¦"
ValuSocial,@Valusocial,2023-02-15T18:18:05.000Z,,1,2,"$EPAZ Announced #Metaverse On-Site Remote Assist Product to Expand Into Europe  https://cutt.ly/T3EjAkk #innovative #FutureTech #OpenAIChatGPT  #meta, #msft, #wsj  #nytimes #reuters #bloomberg #thestreet #forbes #nasdaq #IHub_StockPosts #business #cnn #bet #foxnews"
Stock Dividend USA,@DividendUsa,2023-02-15T18:00:00.000Z,,,,https://markets.businessinsider.com/news/stocks/chatgpt-openai-microsoft-google-cloud-artificial-intelligence-stocks-ark-invest-2023-2â€¦  #MSFT #paylimitwall #News
Charrasqueado,@Charrasqueado05,2023-02-15T17:32:47.000Z,,,,"Te vuela la cabeza una vez que lo comprendes, so easy que parece mentira #cowboytrader  #msft #TSLA #Bitcoin"
topstonks,@topstonks,2023-02-15T17:11:16.000Z,,,,"$MSFT was the 15th most mentioned on wallstreetbets over the last 24 hours

Via http://topstonks.com/stocks/MSFT?st_msftâ€¦

#msft    #wallstreetbets  #investing"
CryptoSphere,@CryptoSphere12,2023-02-15T17:04:33.000Z,1,,2,"#CAREERS 
@Polkadot
 
#Developers #programmers
#WebDeveloper #SoftwareEngineer
#FrontEnd #FullStack #Javascript 
#CareerDevelopment #education #webdevelopment #blockchain #Jobs #NVDA #AAPL #GOOG #META #CISCO #IBM #MSFT #Crypto #jobseeker #web3jobs #Web3 #startup #startupjobs #AI"
@CifuTrader,@CifuTrader,2023-02-15T16:23:09.000Z,,,,"MSFT: GrÃ¡fico #MSFT en 
@TradingView"
Marc Flamer,@AWealthEngineer,2023-02-15T15:49:46.000Z,,,,"Seems relevant 
@WinC_Gaming
 @ModernWarzone
 #MSFT #ABK"
BlackBoxStocks,@BlackBoxStocks,2023-02-15T15:35:22.000Z,,3,6,"$MSFT with a 1.4 million share #darkpool print at $268.23

#options #optionsflow #moneyflow #wallstreet #investing #stockstowatch #stocks #wallstreet #fintwit #fintech #stockstowatch #MSFT"
Grufity Stock Research,@grufityreports,2023-02-15T11:42:09.000Z,,,,"Major Sells by Duquesne Family Offi

Ticker   Name            Amount
#AMZN    AMAZON COM INC  $102M
#MSFT    MICROSOFT CORP  $45M
#WDAY    WORKDAY INC     $37M
#        SEA LTD         $30M
#CTRA    COTERRA ENERGY  $29M"
Grufity Stock Research,@grufityreports,2023-02-15T11:42:03.000Z,,,,"#LONE PINE CAPITAL LL reported portfolio holdings (14-Feb-2023)

Top Holdings

Ticker   Name        %Port  Amount
#BBWI    BATH & BOD  8.3%  $869M
#MSFT    MICROSOFT   8%  $838M
#AMZN    AMAZON COM  7.73%  $810M
#WDAY    WORKDAY IN  7.46%  $781M"
Grufity Stock Research,@grufityreports,2023-02-15T11:42:02.000Z,,,,"#BILL & MELINDA GATES reported portfolio holdings (14-Feb-2023)

Top Holdings

Ticker   Name        %Port  Amount
#MSFT    MICROSOFT   26.36%  $9416M
#BRKB    BERKSHIRE   21.35%  $7627M
#        CANADIAN N  18.24%  $6518M
#WM      WASTE MGMT  15.47%  $5528M"
Grufity Stock Research,@grufityreports,2023-02-15T11:42:01.000Z,,,,"#AQR CAPITAL MANAGEME reported portfolio holdings (14-Feb-2023)

Top Holdings

Ticker   Name        %Port  Amount
#AAPL    APPLE INC   2.73%  $1197M
#MSFT    MICROSOFT   2.49%  $1093M
#        TAIWAN SEM  1.31%  $576M
#PFE     PFIZER INC  1.15%  $503M"
Lahiru Ratnayaka,@lahiruratnayaka,2023-02-15T08:44:25.000Z,,,3,3 days ago got access to Microsoft Bing and so far the search experience is amazing. #gpt #bing #msft
ç±³å›½æ ªETFã¾ã¨ã‚é€Ÿå ±,@beikokukabu_etf,2023-02-15T08:00:53.000Z,,,1,"#MSFT #å¤©ç„¶ã‚¬ã‚¹ #ç±³å›½æ ª
ã€#ç±³å›½æ ªã€‘å¤©ç„¶ã‚¬ã‚¹ã®å€¤å‹•ãåœ°ç„éãã‚‹ã‚„ã‚â€¦ï¼Ÿ#Microsoftã€ChatGPTåŠ¹æœã§å¼·ã„ï¼ï¼Ÿ
https://beikokukabu-etf-matome.com/archives/%e3%80%90%e7%b1%b3%e5%9b%bd%e6%a0%aa%e3%80%91%e5%a4%a9%e7%84%b6%e3%82%ac%e3%82%b9%e3%81%ae%e5%80%a4%e5%8b%95%e3%81%8d%e5%9c%b0%e7%8d%84%e9%81%8e%e3%81%8e%e3%82%8b%e3%82%84%e3%82%8d%ef%bc%9fmi.htmlâ€¦"
Olaka Brandon,@OlakaBrandon,2023-02-15T07:35:55.000Z,1,,,"But after the IPO, Gates began selling off his shares. He now holds <2% of #MSFT shares .

Gates used the money to invest in other asset classes.

Here's what he owns."
AlgoKid,@Lio0024,2023-02-15T01:09:36.000Z,,,,$MSFT (Microsoft) looks very promising. Will confirm on Friday if  I'm buy it or not. #MSFT #Microsoft
BABIE,@babie_wtf,2023-02-15T00:58:48.000Z,,,,Theyâ€™re the same thing. #MSFT
Dux Raymond Sy,@meetdux,2023-02-15T00:40:12.000Z,,4,1,"See you in 2 weeks! Come one, come all and join 
@AvePoint
 + #MSFT as we share practical tips on How to Ensure Operational Governance Success for #Microsoft365 & #PowerPlatform - limited seats: https://avept.it/3JIH5XW

#Australia #NewZealand #Melbourne #Sydney #Wellington"
chen cong,@palominochen,2023-02-15T00:35:11.000Z,,,,"Microsoft Corporation (MSFT) price at close, 2023-02-14, is 272.17. #msft"
NoRandomTrades,@latigazototal,2023-02-15T00:23:26.000Z,,,1,"$MSFT 30 minute  chart. $MSFT is starting to look heavy IMO. Not planning to trade it for some time.
#MSFT, #Microsoft, $MSFT"
ï¼Š,@hypothassumpt,2023-02-14T23:59:40.000Z,,,,Microsoftã®æ ªã¯å°‘ãªãã¨ã‚‚3æœˆã¾ã§æŒã£ã¦ã„ã¾ã™ã€‚Microsoftè£½å“ã«ChatGPTãŒå®Ÿè£…ã•ã‚Œã¦ãƒ‹ãƒ¥ãƒ¼ã‚¹ã«ãªã‚‹ã¾ã§ã€‚#MSFT
Criptonomix,@realcriptonomix,2023-02-14T23:45:31.000Z,,,1,"#MSFT intentando romper TL bajista en grÃ¡fico semanal. Debe mantener la zona de los 250 usd x acciÃ³n para confirmar ruptura y continuar al alza a buscar los 300 usd. Si no logra mantener los 250 usd es probable que busque hacer un mÃ­nimo mÃ¡s bajo x los 196 usd. 

#NASDAQ"
AL_BZ,@Albz_trades,2023-02-14T19:35:01.000Z,,,,"break and retest on #msft $277 within reach 
@TradingView
:"
CANDL,@mrhamode2011,2023-02-14T18:55:06.000Z,1,,2,#msft $msft
SavvyMoneyShow,@show_savvy,2023-02-14T18:22:05.000Z,,,,#Google #msft
ValuSocial,@Valusocial,2023-02-14T18:18:06.000Z,,,1,"$EPAZ Announced #Metaverse On-Site Remote Assist Product to Expand Into Europe  https://cutt.ly/T3EjAkk #innovative #FutureTech #OpenAIChatGPT  #meta, #msft, #wsj  #nytimes #reuters #bloomberg #thestreet #forbes #nasdaq #IHub_StockPosts #business #cnn #bet #foxnews"
WZor,@WZorNET,2023-02-14T18:01:32.000Z,14,7,27,"February 14, 2023, #MSFT #PatchTuesday ""B""
Get #CumulativeUpdate's for Windows 11 Version #22H2/#21H2 and for Windows 10 Version 1507, 1607, 1809, 20H2/21H2/22H2 as well as for Windows Server 2016/2019/2022 #LTSC on #MicrosoftUpdateCatalog https://catalog.update.microsoft.com/Search.aspx?q=2023-02+Cumulative+Updateâ€¦"
AdriÃ  CÃ©spedes LÃ³pez,@AdriaCespedes,2023-02-14T17:18:03.000Z,,,,"La inteligencia artificial en modo chat ha venido para quedarse y va a revolucionar el modo en el que no sÃ³lo buscamos la informaciÃ³n, sino en el que tomamos decisiones. Es un punto de inflexiÃ³n igual que fuÃ© el de los telÃ©fonos inteligentes. #ChatGPT #MSFT"
Investor Network Press,@investorNPress,2023-02-14T14:08:06.000Z,,2,5,"$EPAZ News CapitalGainsReport: AI Watchlist (GOOG, AMZN, MSFT, EPAZ, AITX) https://cutt.ly/V3UoSM7 #meta, #msft, #wsj  #nytimes #reuters #bloomberg #thestreet #forbes #nasdaq #IHub_StockPosts #newyork #business #cnn #bet #foxnews #bitcoin #blockchain #crypto #SeekingAlpha"
Social Start Now LLC,@socialstartnow1,2023-02-14T14:06:06.000Z,1,3,3,"$EPAZ CapitalGainsReport: AI Watchlist (GOOG, AMZN, MSFT, EPAZ, AITX) https://cutt.ly/V3UoSM7 #meta, #msft, #wsj  #nytimes #reuters #bloomberg #thestreet #forbes #nasdaq #IHub_StockPosts #newyork #business #cnn #bet #foxnews #bitcoin #blockchain #crypto #SeekingAlpha"
THE ZEN TRADER 2.0,@StevenReid_1,2023-02-14T14:01:17.000Z,,,4,"Stocks Picks of the Day 
#COIN
#MSFT
#TSLA 
#CRM 
#SEDG #viral #tiktok #fyu #stockmarket #daytrading #stocks #stocktrading #trading #forextrading #cryptocurrencytrading #optionstrading #swingtrading #investing"
Stock Dividend USA,@DividendUsa,2023-02-14T14:00:00.000Z,,,,https://investors.com/etfs-and-funds/sectors/sp500-stocks-generate-an-astounding-25-of-the-sp-500s-profit/â€¦  #AAPL #BAC #CVX #GOOGL #JPM #MSFT #XOM #News
Tauqeer Ahmad,@_TauqeerAhmad,2023-02-14T13:28:27.000Z,1,1,22,"A lot of learnings was grabbed from the conference of Winterlude February 2023. 
The speaker sessions were phenomenal, and a lot of practices to bring into action. 

#community #learning #msft #gdsc #winterlude #mlsa #students"
BizToc,@biztoc,2023-02-14T11:32:14.000Z,,,,"Microsoft's layoffs reportedly felt at LinkedIn
#microsoftcorps #linkedin #marketwatch #msft
 Now on http://biztoc.com â€”"
Investall,@InvestallAI,2023-02-14T10:55:54.000Z,,,,$MSFT ($273.24) has 1st support at $282.3 and the 1st resistance at $293.47. It is estimated that #MSFT will be traded between $270.74 and $248.53 in 3 months. Download the Investall App to see full forecast and automate your trading https://investall.ai
Mike Schiemer,@MikeSchiemer,2023-02-14T09:50:52.000Z,1,3,2,"10 Tips To Help Master Microsoft 365 https://erikchristianjohnson.com/microsoft-365-tutorial-9-pro-tips-to-using-microsoft-365/â€¦

#Microsoft #MicrosoftTeams #Microsoft365 #MicrosoftPlanner #MicrosoftForms #MicrosoftLists #MicrosoftOffice #MicrosoftTeams #MicrosoftEdge #MicrosoftBing #MSFT"
A.I.Gen,@A_I_Gen,2023-02-14T01:13:59.000Z,,,,#Google to the moon soon ( Not Financial Advice ) #W ( #Baidu ( #Memes  #BBBY #GME #AMC #BNYD #BIG #COIN #CVNA #SI #MARA #TSLA #AMZN #Google #Doge #shiba #BTC   #SPY #AI #OptionsTrading #AI #MSFT #AFRM )
Selfwealth,@_selfwealth,2023-02-14T01:00:00.000Z,,,4,"#TSLA is up 80% YTD, #AAPL 23%, #MSFT 13.5%. (Also looking at Feb so far, Apple is one of the most sold US stocks. Looks like people are taking profits)"
Elliottwave Forecast,@ElliottForecast,2023-02-14T00:54:00.000Z,,1,1,$MSFT 1 hour chart from Feb 8th at http://elliottwave-forecast.com. #MSFT rally from the blue box as expected and currently it is follow the path as the chart shows. #elliottwave #ondaselliott #tradingview
Elliottwave Forecast,@ElliottForecast,2023-02-14T00:48:43.000Z,,,,$MSFT 1 hour chart from Feb 6th at http://elliottwave-forecast.com. #MSFT entered in the blue box and we are expecting to continue the rally. #elliottwave #ondaselliott #tradingview
Luis Carlos,@lcparodi,2023-02-14T00:47:52.000Z,,1,,$MSFT 1 hour chart from Feb 8th at http://elliottwave-forecast.com. #MSFT rally from the blue box as expected and currently it is follow the path as the chart shows. #elliottwave #ondaselliott #tradingview
Luis Carlos,@lcparodi,2023-02-14T00:44:30.000Z,,,1,$MSFT 1 hour chart from Feb 6th at http://elliottwave-forecast.com. #MSFT entered in the blue box and we are expecting to continue the rally. #elliottwave #ondaselliott #tradingview
chen cong,@palominochen,2023-02-14T00:35:28.000Z,,,,"Microsoft Corporation (MSFT) price at close, 2023-02-13, is 271.32. #msft"
NoRandomTrades,@latigazototal,2023-02-14T00:31:30.000Z,,,,"$MSFT 30 minute chart. $MSFT played exactly the way it was predicted yesterday.
#MSFT, #Microsoft "
topstonks,@topstonks,2023-02-13T23:26:18.000Z,,,,"$MSFT working its way into the top 20 most mentioned on wallstreetbets over the last 24 hours

Via http://topstonks.com/stocks/MSFT?st_msftâ€¦

#msft    #wallstreetbets  #investors"
